chunk_size,repeat_index,step_index,duration_ms,num_scheduled_tokens,num_waiting,num_running
128,0,0,20.68690299999787,128,0,8
128,0,1,20.58643899999879,8,0,8
128,0,2,20.382322999992653,8,0,8
128,0,3,342.9278790000012,8,0,8
128,0,4,342.8860329999992,8,0,8
128,0,5,342.42246600000215,8,0,8
128,0,6,343.13266200000214,8,0,8
128,0,7,343.2377670000051,8,0,8
128,0,8,343.019979999994,8,0,8
128,0,9,342.75065200000654,8,0,8
128,0,10,343.68055899999206,128,0,9
128,0,11,665.9806140000057,128,0,9
128,0,12,665.9862069999889,128,0,9
128,0,13,666.4941910000124,128,0,9
128,0,14,666.8129200000124,128,0,9
128,0,15,667.2590139999954,128,0,9
128,0,16,670.2322699999996,128,0,9
128,0,17,673.1061229999966,128,0,9
128,0,18,674.5212099999947,128,0,9
128,0,19,678.4421270000109,128,0,9
128,0,20,680.5859380000072,128,0,9
128,0,21,683.6327849999861,128,0,9
128,0,22,685.5508289999932,128,0,9
128,0,23,689.3343849999951,128,0,9
128,0,24,692.9290969999897,128,0,9
128,0,25,783.930775000016,128,0,9
128,0,26,344.73120900000254,128,0,9
128,0,27,1678.9488219999953,16,0,8
128,0,28,343.1781200000046,8,0,8
128,0,29,343.4488389999899,8,0,8
128,0,30,343.30516400001443,8,0,8
128,0,31,343.335809000024,8,0,8
128,0,32,342.5758499999745,8,0,8
128,0,33,343.409677000011,8,0,8
128,0,34,343.4136850000016,8,0,8
128,0,35,342.7357170000107,8,0,8
128,0,36,343.2667429999867,8,0,8
128,0,37,343.54324599999586,8,0,8
128,0,38,342.62456199999747,8,0,8
128,0,39,344.620993999996,8,0,8
128,0,40,343.41116299998475,8,0,8
128,0,41,343.5365759999911,8,0,8
128,0,42,343.5330259999887,8,0,8
128,0,43,343.3550450000098,8,0,8
128,0,44,342.7587630000062,8,0,8
128,0,45,343.4264800000051,8,0,8
128,0,46,343.2051639999827,8,0,8
128,0,47,343.4635030000095,8,0,8
128,0,48,343.3328959999926,8,0,8
128,0,49,343.5327869999867,8,0,8
128,0,50,343.4074769999995,8,0,8
128,0,51,343.030916999993,8,0,8
128,0,52,343.77177499999334,8,0,8
128,0,53,343.36545499999716,8,0,8
128,0,54,343.31546600000706,8,0,8
128,0,55,343.9007699999763,8,0,8
128,0,56,344.1214829999808,8,0,8
128,0,57,343.1184609999889,8,0,8
128,0,58,343.7401300000147,8,0,8
128,0,59,342.56542599999307,8,0,8
128,0,60,343.4158029999992,8,0,8
128,0,61,343.13670800000295,8,0,8
128,0,62,342.9465460000074,8,0,8
128,0,63,342.1419910000054,8,0,8
128,0,64,342.3566360000052,8,0,8
128,0,65,341.88844199999835,8,0,8
128,0,66,343.36704599999734,8,0,8
128,0,67,343.0696260000161,8,0,8
128,0,68,343.48622100000625,8,0,8
128,0,69,343.3514839999816,8,0,8
128,0,70,343.0579410000121,8,0,8
128,0,71,342.87850300000855,8,0,8
128,0,72,343.50248300000885,8,0,8
128,0,73,342.97418199997765,8,0,8
128,0,74,342.78270900000507,8,0,8
128,0,75,343.56179099998485,8,0,8
128,0,76,343.66196199999877,8,0,8
128,0,77,344.04616800000554,8,0,8
128,0,78,344.9305219999985,8,0,8
128,0,79,343.5219740000264,8,0,8
128,0,80,342.55027700001506,8,0,8
128,0,81,343.65002399999867,8,0,8
128,0,82,342.7846289999934,8,0,8
128,0,83,343.20637700000134,8,0,8
128,0,84,343.6058679999974,8,0,8
128,0,85,343.17940500000077,8,0,8
128,0,86,342.48914200000513,8,0,8
128,0,87,343.51947300001484,8,0,8
128,0,88,343.13880099998073,8,0,8
128,0,89,342.9923340000016,8,0,8
128,0,90,343.2797819999962,8,0,8
128,0,91,343.1211449999978,8,0,8
128,0,92,343.18674900001156,8,0,8
128,0,93,342.98422800000594,8,0,8
128,0,94,343.3148059999951,8,0,8
128,0,95,343.04626800002325,8,0,8
128,0,96,342.9789150000033,8,0,8
128,0,97,343.104913000019,8,0,8
128,0,98,343.07150399999387,8,0,8
128,0,99,343.22164200000316,8,0,0
128,1,0,20.213558000023113,128,0,8
128,1,1,20.45391799998697,8,0,8
128,1,2,20.249481999996988,8,0,8
128,1,3,20.425442000004068,8,0,8
128,1,4,20.64306700000884,8,0,8
128,1,5,20.478787999991255,8,0,8
128,1,6,20.31548100001146,8,0,8
128,1,7,20.11921900000857,8,0,8
128,1,8,20.137078999994174,8,0,8
128,1,9,20.116521000005605,8,0,8
128,1,10,22.413037999996277,128,0,9
128,1,11,22.887601999997287,128,0,9
128,1,12,22.660277999989376,128,0,9
128,1,13,22.922080999990158,128,0,9
128,1,14,23.014732000007143,128,0,9
128,1,15,22.86223100000484,128,0,9
128,1,16,23.109311000013122,128,0,9
128,1,17,22.833781999992198,128,0,9
128,1,18,22.851016000004165,128,0,9
128,1,19,22.85333000000378,128,0,9
128,1,20,22.817887999991626,128,0,9
128,1,21,22.760474999984126,128,0,9
128,1,22,22.807755000002317,128,0,9
128,1,23,22.846368000017492,128,0,9
128,1,24,22.920421999998553,128,0,9
128,1,25,22.884936999986394,128,0,9
128,1,26,23.11796700001878,128,0,9
128,1,27,22.90604999998891,16,0,8
128,1,28,20.288375999996333,8,0,8
128,1,29,20.222763999981908,8,0,8
128,1,30,20.302578000013227,8,0,8
128,1,31,20.212771000018392,8,0,8
128,1,32,20.23980999999253,8,0,8
128,1,33,20.182716999983086,8,0,8
128,1,34,20.444703999999092,8,0,8
128,1,35,20.1435550000042,8,0,8
128,1,36,20.270210000006728,8,0,8
128,1,37,20.26306100000852,8,0,8
128,1,38,20.343633000010186,8,0,8
128,1,39,20.32064400000877,8,0,8
128,1,40,20.258294000001342,8,0,8
128,1,41,20.24498599999447,8,0,8
128,1,42,20.236296000007314,8,0,8
128,1,43,20.220213999976977,8,0,8
128,1,44,20.26590500000225,8,0,8
128,1,45,20.304955999989716,8,0,8
128,1,46,20.28669499998159,8,0,8
128,1,47,20.27805299999841,8,0,8
128,1,48,20.19972699997652,8,0,8
128,1,49,20.18085899999278,8,0,8
128,1,50,20.19676800000525,8,0,8
128,1,51,20.392981000014743,8,0,8
128,1,52,20.271274000009498,8,0,8
128,1,53,20.325710999998137,8,0,8
128,1,54,20.182962999996334,8,0,8
128,1,55,20.25285900000995,8,0,8
128,1,56,20.108612000001358,8,0,8
128,1,57,20.275604999994812,8,0,8
128,1,58,20.188378000000284,8,0,8
128,1,59,20.208141000011892,8,0,8
128,1,60,20.238012999982402,8,0,8
128,1,61,20.20503100001747,8,0,8
128,1,62,20.206342000022914,8,0,8
128,1,63,20.200212999981204,8,0,8
128,1,64,20.221094000021367,8,0,8
128,1,65,20.16229699998462,8,0,8
128,1,66,20.285565000023098,8,0,8
128,1,67,20.25480200001084,8,0,8
128,1,68,20.283699999993132,8,0,8
128,1,69,20.232105000019374,8,0,8
128,1,70,20.273471999985304,8,0,8
128,1,71,20.285486000005903,8,0,8
128,1,72,20.355082000008906,8,0,8
128,1,73,20.291092999997318,8,0,8
128,1,74,20.24816799999485,8,0,8
128,1,75,20.301250000017035,8,0,8
128,1,76,20.276899000009507,8,0,8
128,1,77,20.330399999977544,8,0,8
128,1,78,20.27439700000855,8,0,8
128,1,79,20.252177000003257,8,0,8
128,1,80,20.33039299999473,8,0,8
128,1,81,20.2776579999977,8,0,8
128,1,82,20.29763900000603,8,0,8
128,1,83,20.32029600002261,8,0,8
128,1,84,20.312839000013128,8,0,8
128,1,85,20.39378300000294,8,0,8
128,1,86,20.432782000000316,8,0,8
128,1,87,20.301093999989916,8,0,8
128,1,88,20.291361999994706,8,0,8
128,1,89,20.362779999999248,8,0,8
128,1,90,20.39416699997787,8,0,8
128,1,91,20.29302799999755,8,0,8
128,1,92,20.254579999999578,8,0,8
128,1,93,20.329609000015125,8,0,8
128,1,94,20.30508499998973,8,0,8
128,1,95,20.345372999997835,8,0,8
128,1,96,20.54182699998819,8,0,8
128,1,97,21.009907999996358,8,0,8
128,1,98,20.989915000001247,8,0,8
128,1,99,20.75780699999541,8,0,0
128,2,0,19.91917699999135,128,0,8
128,2,1,20.367682999989256,8,0,8
128,2,2,20.45605899999714,8,0,8
128,2,3,20.168235999989292,8,0,8
128,2,4,20.235507999984748,8,0,8
128,2,5,20.085819000001948,8,0,8
128,2,6,20.166877999997723,8,0,8
128,2,7,20.26096000000166,8,0,8
128,2,8,20.167622999991863,8,0,8
128,2,9,20.11786500000312,8,0,8
128,2,10,22.497896999993827,128,0,9
128,2,11,22.60644900002262,128,0,9
128,2,12,22.720923000008497,128,0,9
128,2,13,22.795744000006835,128,0,9
128,2,14,22.75052799998889,128,0,9
128,2,15,22.757194999996955,128,0,9
128,2,16,22.811676000003445,128,0,9
128,2,17,23.094022999998742,128,0,9
128,2,18,22.97514899998987,128,0,9
128,2,19,23.000240000015992,128,0,9
128,2,20,23.00996400001054,128,0,9
128,2,21,23.060267000005297,128,0,9
128,2,22,23.01021799999603,128,0,9
128,2,23,23.078835000006848,128,0,9
128,2,24,23.060020000002623,128,0,9
128,2,25,23.027235999990125,128,0,9
128,2,26,23.066560000017944,128,0,9
128,2,27,22.54369900001052,16,0,8
128,2,28,20.218943000003264,8,0,8
128,2,29,20.243086000022004,8,0,8
128,2,30,20.245909000010442,8,0,8
128,2,31,20.242402000008042,8,0,8
128,2,32,20.16836699999658,8,0,8
128,2,33,20.193631000012147,8,0,8
128,2,34,20.349930999998378,8,0,8
128,2,35,20.216291999986424,8,0,8
128,2,36,20.1943060000076,8,0,8
128,2,37,20.32036199997833,8,0,8
128,2,38,20.25732500001709,8,0,8
128,2,39,20.155146000007562,8,0,8
128,2,40,20.176988999992318,8,0,8
128,2,41,20.185822000001963,8,0,8
128,2,42,20.31246900000383,8,0,8
128,2,43,20.229921999998624,8,0,8
128,2,44,20.180755000012596,8,0,8
128,2,45,20.307301999991978,8,0,8
128,2,46,20.30756199999928,8,0,8
128,2,47,20.21635600002014,8,0,8
128,2,48,22.15845599999966,8,0,8
128,2,49,20.373398000003817,8,0,8
128,2,50,20.214013000014575,8,0,8
128,2,51,20.30858800000601,8,0,8
128,2,52,20.173034999999118,8,0,8
128,2,53,20.2163520000056,8,0,8
128,2,54,20.163177000000587,8,0,8
128,2,55,20.24794700000143,8,0,8
128,2,56,20.414390000013327,8,0,8
128,2,57,20.256613999976025,8,0,8
128,2,58,20.26747700000442,8,0,8
128,2,59,20.297436000021207,8,0,8
128,2,60,20.256100000011656,8,0,8
128,2,61,20.523686000018415,8,0,8
128,2,62,21.402204999986907,8,0,8
128,2,63,20.20996099997774,8,0,8
128,2,64,20.220001000012644,8,0,8
128,2,65,20.21047299999168,8,0,8
128,2,66,20.291732999993428,8,0,8
128,2,67,20.183566999975255,8,0,8
128,2,68,20.159492000004775,8,0,8
128,2,69,20.204843000016126,8,0,8
128,2,70,20.296554999987393,8,0,8
128,2,71,20.28786700000751,8,0,8
128,2,72,20.721710999993093,8,0,8
128,2,73,20.247656999998753,8,0,8
128,2,74,20.418396999986044,8,0,8
128,2,75,20.456608999978698,8,0,8
128,2,76,20.35500699997783,8,0,8
128,2,77,20.310413000004246,8,0,8
128,2,78,20.303720000015346,8,0,8
128,2,79,20.444432999994433,8,0,8
128,2,80,20.295961000016405,8,0,8
128,2,81,20.451145000009774,8,0,8
128,2,82,20.385137000005216,8,0,8
128,2,83,20.575600000000804,8,0,8
128,2,84,20.717077000000472,8,0,8
128,2,85,21.24210899998502,8,0,8
128,2,86,20.80820400001926,8,0,8
128,2,87,20.50690900000518,8,0,8
128,2,88,20.5437120000056,8,0,8
128,2,89,20.336012000001347,8,0,8
128,2,90,20.45913599999949,8,0,8
128,2,91,20.324626000018498,8,0,8
128,2,92,21.079616999998052,8,0,8
128,2,93,20.526961999991045,8,0,8
128,2,94,20.295333000007076,8,0,8
128,2,95,20.332956000004287,8,0,8
128,2,96,20.348081000008733,8,0,8
128,2,97,20.199786999995695,8,0,8
128,2,98,20.278127000011636,8,0,8
128,2,99,20.31308599998738,8,0,0
128,3,0,19.4211459999849,128,0,8
128,3,1,20.39015200000449,8,0,8
128,3,2,20.386879000000135,8,0,8
128,3,3,20.549829999993108,8,0,8
128,3,4,20.123845999989953,8,0,8
128,3,5,20.163090000011152,8,0,8
128,3,6,20.13638699997955,8,0,8
128,3,7,20.134479999995847,8,0,8
128,3,8,20.198617999994894,8,0,8
128,3,9,20.20909399999482,8,0,8
128,3,10,22.516976999980898,128,0,9
128,3,11,22.611699000009367,128,0,9
128,3,12,22.714527999994516,128,0,9
128,3,13,22.752784000005022,128,0,9
128,3,14,22.729301999987683,128,0,9
128,3,15,22.774480999999014,128,0,9
128,3,16,22.80567200000405,128,0,9
128,3,17,22.994688000011365,128,0,9
128,3,18,22.870474000001195,128,0,9
128,3,19,22.779740000004267,128,0,9
128,3,20,22.82903199997577,128,0,9
128,3,21,22.781248000001142,128,0,9
128,3,22,22.71460899999056,128,0,9
128,3,23,22.800891999992245,128,0,9
128,3,24,22.980696999979955,128,0,9
128,3,25,22.944131999992123,128,0,9
128,3,26,23.052779000011014,128,0,9
128,3,27,22.69920599999864,16,0,8
128,3,28,20.292809000011403,8,0,8
128,3,29,20.400362000003724,8,0,8
128,3,30,20.168533999992633,8,0,8
128,3,31,20.18232399998965,8,0,8
128,3,32,20.2601350000009,8,0,8
128,3,33,21.903778999984524,8,0,8
128,3,34,20.368773999990708,8,0,8
128,3,35,20.140734999984033,8,0,8
128,3,36,20.226363999995556,8,0,8
128,3,37,20.19158000001653,8,0,8
128,3,38,20.237534000017376,8,0,8
128,3,39,20.26563200001874,8,0,8
128,3,40,20.430539000017234,8,0,8
128,3,41,20.398316000012073,8,0,8
128,3,42,20.46248800002104,8,0,8
128,3,43,20.22567899999217,8,0,8
128,3,44,20.199151000014126,8,0,8
128,3,45,20.4129600000158,8,0,8
128,3,46,20.17530300000203,8,0,8
128,3,47,21.751534000003403,8,0,8
128,3,48,22.46507099999917,8,0,8
128,3,49,21.217409000001908,8,0,8
128,3,50,20.8084719999988,8,0,8
128,3,51,20.81082699999115,8,0,8
128,3,52,20.300480000003063,8,0,8
128,3,53,20.296784999999318,8,0,8
128,3,54,20.304299000002857,8,0,8
128,3,55,20.178589000011016,8,0,8
128,3,56,20.20016599999508,8,0,8
128,3,57,20.230434999973568,8,0,8
128,3,58,20.30463400001281,8,0,8
128,3,59,20.257616000009193,8,0,8
128,3,60,20.28238700000884,8,0,8
128,3,61,20.46669599999973,8,0,8
128,3,62,20.38909000000899,8,0,8
128,3,63,20.308518000007325,8,0,8
128,3,64,20.56449799999882,8,0,8
128,3,65,20.528256999995165,8,0,8
128,3,66,20.293805000022758,8,0,8
128,3,67,20.21776199998726,8,0,8
128,3,68,20.264271000002054,8,0,8
128,3,69,20.227519000002303,8,0,8
128,3,70,20.295125000018288,8,0,8
128,3,71,20.38865999998052,8,0,8
128,3,72,20.30382200001668,8,0,8
128,3,73,20.278082999993785,8,0,8
128,3,74,20.283430999995744,8,0,8
128,3,75,20.586716000025262,8,0,8
128,3,76,20.407192999982726,8,0,8
128,3,77,20.292135000005374,8,0,8
128,3,78,22.059841000015012,8,0,8
128,3,79,20.31685299999708,8,0,8
128,3,80,20.53887600001758,8,0,8
128,3,81,20.465262000016082,8,0,8
128,3,82,20.572380000004387,8,0,8
128,3,83,20.395209000014347,8,0,8
128,3,84,20.551274999974112,8,0,8
128,3,85,20.322722999992493,8,0,8
128,3,86,20.314679999984264,8,0,8
128,3,87,20.322959999987233,8,0,8
128,3,88,20.24634599999331,8,0,8
128,3,89,20.206231000003072,8,0,8
128,3,90,20.29270700001007,8,0,8
128,3,91,20.43495099999859,8,0,8
128,3,92,20.2556270000116,8,0,8
128,3,93,20.246051000015086,8,0,8
128,3,94,20.357407999995303,8,0,8
128,3,95,20.296291999983396,8,0,8
128,3,96,20.275641000012,8,0,8
128,3,97,20.334356000006437,8,0,8
128,3,98,20.33993199998463,8,0,8
128,3,99,20.604971000011574,8,0,0
128,4,0,19.479549000010365,128,0,8
128,4,1,20.14792399998555,8,0,8
128,4,2,20.151746999999887,8,0,8
128,4,3,20.146904999990056,8,0,8
128,4,4,20.17561400001,8,0,8
128,4,5,20.104323999987628,8,0,8
128,4,6,20.14636499998801,8,0,8
128,4,7,20.08861600000955,8,0,8
128,4,8,20.322423999999728,8,0,8
128,4,9,20.11053600000423,8,0,8
128,4,10,22.4811749999958,128,0,9
128,4,11,22.76909599999044,128,0,9
128,4,12,22.86790200000155,128,0,9
128,4,13,22.9656079999927,128,0,9
128,4,14,22.91766700000153,128,0,9
128,4,15,22.735858999993752,128,0,9
128,4,16,22.915831999995362,128,0,9
128,4,17,22.83192000001577,128,0,9
128,4,18,22.78451399999426,128,0,9
128,4,19,22.811455999999453,128,0,9
128,4,20,22.740578999986383,128,0,9
128,4,21,22.973723000006885,128,0,9
128,4,22,23.107930999998416,128,0,9
128,4,23,23.01910200000634,128,0,9
128,4,24,22.97240999999417,128,0,9
128,4,25,23.063045999975884,128,0,9
128,4,26,23.042508999992606,128,0,9
128,4,27,22.589633999984926,16,0,8
128,4,28,20.254303000001528,8,0,8
128,4,29,20.14871099999027,8,0,8
128,4,30,20.233235999995713,8,0,8
128,4,31,20.167319000023554,8,0,8
128,4,32,20.235853000002635,8,0,8
128,4,33,20.20123400001239,8,0,8
128,4,34,20.14042499999391,8,0,8
128,4,35,20.17695500001082,8,0,8
128,4,36,20.189902999987908,8,0,8
128,4,37,20.146889000017154,8,0,8
128,4,38,20.203565000002754,8,0,8
128,4,39,20.302477000001318,8,0,8
128,4,40,20.958301000007395,8,0,8
128,4,41,20.288182000001598,8,0,8
128,4,42,20.29385500000558,8,0,8
128,4,43,20.28587899999934,8,0,8
128,4,44,20.094887999988487,8,0,8
128,4,45,20.243936000014173,8,0,8
128,4,46,20.208983999992824,8,0,8
128,4,47,20.23331000000894,8,0,8
128,4,48,20.350613999994493,8,0,8
128,4,49,20.493088999984366,8,0,8
128,4,50,20.344993000009026,8,0,8
128,4,51,20.336608000008027,8,0,8
128,4,52,20.24833299998363,8,0,8
128,4,53,21.515249000003678,8,0,8
128,4,54,20.40790999998876,8,0,8
128,4,55,20.19534699999781,8,0,8
128,4,56,20.221909999975196,8,0,8
128,4,57,20.28396699998325,8,0,8
128,4,58,20.254423000011457,8,0,8
128,4,59,20.225537000015947,8,0,8
128,4,60,20.364544000017304,8,0,8
128,4,61,20.16561499999625,8,0,8
128,4,62,20.302827999984174,8,0,8
128,4,63,20.24553099997206,8,0,8
128,4,64,20.24838999997769,8,0,8
128,4,65,20.1533999999981,8,0,8
128,4,66,20.2999029999944,8,0,8
128,4,67,20.274469000014506,8,0,8
128,4,68,20.27368299999921,8,0,8
128,4,69,20.260637999996334,8,0,8
128,4,70,20.295059000005722,8,0,8
128,4,71,20.38299899999174,8,0,8
128,4,72,20.31218999999851,8,0,8
128,4,73,20.25918399999682,8,0,8
128,4,74,20.26466399999549,8,0,8
128,4,75,20.295282999995834,8,0,8
128,4,76,20.299506000014844,8,0,8
128,4,77,20.237742000006165,8,0,8
128,4,78,20.281259000000773,8,0,8
128,4,79,20.29204299998355,8,0,8
128,4,80,20.298656000022675,8,0,8
128,4,81,20.254983000000948,8,0,8
128,4,82,20.580096000003323,8,0,8
128,4,83,20.29492700000901,8,0,8
128,4,84,20.8463179999967,8,0,8
128,4,85,20.365402000010135,8,0,8
128,4,86,20.287314000000833,8,0,8
128,4,87,20.32323600002428,8,0,8
128,4,88,20.38856299998315,8,0,8
128,4,89,20.220888000011428,8,0,8
128,4,90,20.327745000003006,8,0,8
128,4,91,20.410107000003563,8,0,8
128,4,92,20.380103999997345,8,0,8
128,4,93,20.29060800001048,8,0,8
128,4,94,20.23547799998937,8,0,8
128,4,95,20.275160000011283,8,0,8
128,4,96,20.27266499999314,8,0,8
128,4,97,20.292369999992843,8,0,8
128,4,98,20.34477600000173,8,0,8
128,4,99,20.37971499999003,8,0,0
128,5,0,19.456236000024774,128,0,8
128,5,1,20.19304199998828,8,0,8
128,5,2,20.082234999989623,8,0,8
128,5,3,20.145310000003747,8,0,8
128,5,4,20.204516000006834,8,0,8
128,5,5,20.379224999999224,8,0,8
128,5,6,20.378270000009024,8,0,8
128,5,7,20.2878270000042,8,0,8
128,5,8,20.35378599998694,8,0,8
128,5,9,20.124768000016502,8,0,8
128,5,10,22.474275000007538,128,0,9
128,5,11,22.55754700001944,128,0,9
128,5,12,22.72652199999925,128,0,9
128,5,13,22.738806999996086,128,0,9
128,5,14,22.711684000000787,128,0,9
128,5,15,22.73771300002636,128,0,9
128,5,16,22.734266000014713,128,0,9
128,5,17,22.84685300000433,128,0,9
128,5,18,22.814193000016303,128,0,9
128,5,19,22.8027969999971,128,0,9
128,5,20,22.772206000013284,128,0,9
128,5,21,22.765670000012506,128,0,9
128,5,22,22.94385400000465,128,0,9
128,5,23,22.992833999978757,128,0,9
128,5,24,23.000951000000214,128,0,9
128,5,25,22.95046099999354,128,0,9
128,5,26,23.074017999988428,128,0,9
128,5,27,22.525435999995125,16,0,8
128,5,28,20.20698100000118,8,0,8
128,5,29,20.196678999980122,8,0,8
128,5,30,20.149498000023414,8,0,8
128,5,31,20.164499999992813,8,0,8
128,5,32,20.13677299999017,8,0,8
128,5,33,20.19258100000343,8,0,8
128,5,34,20.272403999996413,8,0,8
128,5,35,20.19811099998492,8,0,8
128,5,36,20.198625999995556,8,0,8
128,5,37,20.241433999984793,8,0,8
128,5,38,20.172266999992416,8,0,8
128,5,39,20.1777680000248,8,0,8
128,5,40,20.19558199998528,8,0,8
128,5,41,20.167456999985234,8,0,8
128,5,42,20.358437999988155,8,0,8
128,5,43,20.22016300000473,8,0,8
128,5,44,20.16254199998002,8,0,8
128,5,45,20.19419500001618,8,0,8
128,5,46,20.15327000000866,8,0,8
128,5,47,20.133932999982562,8,0,8
128,5,48,20.79475200000047,8,0,8
128,5,49,20.291484000011906,8,0,8
128,5,50,20.173593999999184,8,0,8
128,5,51,20.139686999982587,8,0,8
128,5,52,20.241155000007893,8,0,8
128,5,53,20.234333000018978,8,0,8
128,5,54,20.265951999988374,8,0,8
128,5,55,20.212284999985286,8,0,8
128,5,56,20.239122999981873,8,0,8
128,5,57,20.288733000001002,8,0,8
128,5,58,20.352514999984805,8,0,8
128,5,59,20.30572099999972,8,0,8
128,5,60,20.2971940000225,8,0,8
128,5,61,20.29728399998021,8,0,8
128,5,62,20.208805999999413,8,0,8
128,5,63,20.13026500000592,8,0,8
128,5,64,20.198399999998173,8,0,8
128,5,65,20.286996999999474,8,0,8
128,5,66,20.301884999980757,8,0,8
128,5,67,20.345217999988563,8,0,8
128,5,68,20.25647700000377,8,0,8
128,5,69,20.238396999985753,8,0,8
128,5,70,20.323861999997916,8,0,8
128,5,71,20.287958000011486,8,0,8
128,5,72,20.305554000003667,8,0,8
128,5,73,20.21906299998477,8,0,8
128,5,74,20.31049200002144,8,0,8
128,5,75,20.352648999988787,8,0,8
128,5,76,20.305051000008234,8,0,8
128,5,77,20.23734400000876,8,0,8
128,5,78,20.202227999988054,8,0,8
128,5,79,20.406831000002512,8,0,8
128,5,80,21.579798999994182,8,0,8
128,5,81,21.65740899999946,8,0,8
128,5,82,21.12276700000848,8,0,8
128,5,83,21.078364999993937,8,0,8
128,5,84,20.407425999991347,8,0,8
128,5,85,20.313249999986738,8,0,8
128,5,86,20.292944999994234,8,0,8
128,5,87,20.370222999986254,8,0,8
128,5,88,20.273497000005136,8,0,8
128,5,89,20.297892000002093,8,0,8
128,5,90,20.29023599999391,8,0,8
128,5,91,20.28668100001596,8,0,8
128,5,92,20.306393999987904,8,0,8
128,5,93,20.295907999980045,8,0,8
128,5,94,20.322063999998363,8,0,8
128,5,95,20.263333000002604,8,0,8
128,5,96,20.28503099998602,8,0,8
128,5,97,20.250476000001072,8,0,8
128,5,98,20.311227999997072,8,0,8
128,5,99,20.340497000006508,8,0,0
256,0,0,19.41638599998896,128,0,8
256,0,1,20.19849499998827,8,0,8
256,0,2,20.11546800000019,8,0,8
256,0,3,20.152338999992025,8,0,8
256,0,4,20.162823000021035,8,0,8
256,0,5,20.095952999980682,8,0,8
256,0,6,20.080356000022448,8,0,8
256,0,7,19.992404999982227,8,0,8
256,0,8,20.10091899998656,8,0,8
256,0,9,20.0527579999914,8,0,8
256,0,10,22.692516000006435,256,0,9
256,0,11,342.95995400000834,256,0,9
256,0,12,345.82702699998435,256,0,9
256,0,13,350.94870899999364,256,0,9
256,0,14,357.8973319999932,256,0,9
256,0,15,363.13398399997254,256,0,9
256,0,16,369.33757400001355,256,0,9
256,0,17,371.9886259999896,256,0,9
256,0,18,1358.028551999979,72,0,8
256,0,19,20.424904000009292,8,0,8
256,0,20,20.321608000017477,8,0,8
256,0,21,20.24027199999523,8,0,8
256,0,22,20.316734000005,8,0,8
256,0,23,20.200525999996444,8,0,8
256,0,24,20.244012999995675,8,0,8
256,0,25,20.138281000015468,8,0,8
256,0,26,20.23836600000095,8,0,8
256,0,27,20.222638999996434,8,0,8
256,0,28,20.092061000013928,8,0,8
256,0,29,20.20366700000409,8,0,8
256,0,30,20.277794999998378,8,0,8
256,0,31,20.234571000003143,8,0,8
256,0,32,20.189944000009064,8,0,8
256,0,33,20.40968800000087,8,0,8
256,0,34,20.365902999998298,8,0,8
256,0,35,20.516995000008365,8,0,8
256,0,36,20.236229999994748,8,0,8
256,0,37,20.323309999980665,8,0,8
256,0,38,20.31775599999719,8,0,8
256,0,39,20.2553979999891,8,0,8
256,0,40,20.16220699999849,8,0,8
256,0,41,20.2357050000046,8,0,8
256,0,42,20.247216000001345,8,0,8
256,0,43,20.671155000002273,8,0,8
256,0,44,20.272142999999687,8,0,8
256,0,45,20.393426000026693,8,0,8
256,0,46,20.261152000017546,8,0,8
256,0,47,20.2748880000172,8,0,8
256,0,48,20.275102999988803,8,0,8
256,0,49,20.76863700000331,8,0,8
256,0,50,20.528929999983347,8,0,8
256,0,51,20.257091000019045,8,0,8
256,0,52,20.31063500001551,8,0,8
256,0,53,20.26795300000117,8,0,8
256,0,54,20.215367000020024,8,0,8
256,0,55,20.300154000011617,8,0,8
256,0,56,20.259396999989576,8,0,8
256,0,57,20.29959300000428,8,0,8
256,0,58,20.358747999978277,8,0,8
256,0,59,20.4151489999731,8,0,8
256,0,60,20.321360999986382,8,0,8
256,0,61,20.237024000010706,8,0,8
256,0,62,20.342531000011377,8,0,8
256,0,63,21.594013999987283,8,0,8
256,0,64,20.46612700002015,8,0,8
256,0,65,20.53572099998746,8,0,8
256,0,66,20.29052200001047,8,0,8
256,0,67,20.23715100000345,8,0,8
256,0,68,20.568007999997917,8,0,8
256,0,69,20.241674999994075,8,0,8
256,0,70,20.341500999990103,8,0,8
256,0,71,20.38256700001284,8,0,8
256,0,72,20.260416000013493,8,0,8
256,0,73,20.246253999999908,8,0,8
256,0,74,20.419298999996727,8,0,8
256,0,75,20.369978000019273,8,0,8
256,0,76,20.30846599998881,8,0,8
256,0,77,20.333202000017536,8,0,8
256,0,78,20.309984999983044,8,0,8
256,0,79,20.29177900001855,8,0,8
256,0,80,20.238828999993075,8,0,8
256,0,81,20.301524999979392,8,0,8
256,0,82,20.400120999994442,8,0,8
256,0,83,20.142598999996153,8,0,8
256,0,84,20.378029999989167,8,0,8
256,0,85,20.236143000005313,8,0,8
256,0,86,20.270132999996804,8,0,8
256,0,87,20.21765499998196,8,0,8
256,0,88,20.317461000018966,8,0,8
256,0,89,20.311059999983172,8,0,8
256,0,90,20.59071200000062,8,0,8
256,0,91,20.67270900002427,8,0,8
256,0,92,20.675430000011374,8,0,8
256,0,93,21.581417999982477,8,0,8
256,0,94,20.69083599999999,8,0,8
256,0,95,20.360340999985738,8,0,8
256,0,96,20.29794899999615,8,0,8
256,0,97,20.326208999989603,8,0,8
256,0,98,20.395532000009098,8,0,8
256,0,99,20.319150999995372,8,0,0
256,1,0,19.403111000002582,128,0,8
256,1,1,20.180210999996007,8,0,8
256,1,2,20.06131499999242,8,0,8
256,1,3,20.10673099999849,8,0,8
256,1,4,20.04689999998277,8,0,8
256,1,5,20.153274999984205,8,0,8
256,1,6,20.14112199998408,8,0,8
256,1,7,20.305603999986488,8,0,8
256,1,8,20.127583999993703,8,0,8
256,1,9,20.235821999989412,8,0,8
256,1,10,22.84252499998729,256,0,9
256,1,11,22.943510000004608,256,0,9
256,1,12,23.00819300000967,256,0,9
256,1,13,23.06803199999763,256,0,9
256,1,14,22.917530999990277,256,0,9
256,1,15,23.068480000006275,256,0,9
256,1,16,23.035445000004984,256,0,9
256,1,17,23.304081999981463,256,0,9
256,1,18,22.950897000015402,72,0,8
256,1,19,20.41720999997665,8,0,8
256,1,20,20.226094999998168,8,0,8
256,1,21,20.14041499998598,8,0,8
256,1,22,20.22439500001383,8,0,8
256,1,23,20.19400599999699,8,0,8
256,1,24,20.147197000000006,8,0,8
256,1,25,20.21926300000132,8,0,8
256,1,26,20.2248900000086,8,0,8
256,1,27,20.22791400000301,8,0,8
256,1,28,20.17774600000166,8,0,8
256,1,29,20.163308000007873,8,0,8
256,1,30,20.362737999988667,8,0,8
256,1,31,20.194754000016246,8,0,8
256,1,32,20.14165299999604,8,0,8
256,1,33,20.245539000001145,8,0,8
256,1,34,20.259953999982372,8,0,8
256,1,35,20.171166000011453,8,0,8
256,1,36,20.186941000019942,8,0,8
256,1,37,20.197138000014547,8,0,8
256,1,38,20.169569000017873,8,0,8
256,1,39,20.09179800000993,8,0,8
256,1,40,20.19934099999432,8,0,8
256,1,41,20.19541799998592,8,0,8
256,1,42,20.787726999998313,8,0,8
256,1,43,21.119865000002847,8,0,8
256,1,44,20.79885099999501,8,0,8
256,1,45,20.832748000003676,8,0,8
256,1,46,20.411278000011635,8,0,8
256,1,47,20.223593999986633,8,0,8
256,1,48,20.19549799999254,8,0,8
256,1,49,20.151644000009128,8,0,8
256,1,50,20.19606700000054,8,0,8
256,1,51,20.221387999981744,8,0,8
256,1,52,20.343623999991678,8,0,8
256,1,53,20.24383799999896,8,0,8
256,1,54,20.21563400001014,8,0,8
256,1,55,20.24347700000817,8,0,8
256,1,56,20.181205999989515,8,0,8
256,1,57,20.244274999981826,8,0,8
256,1,58,20.232571999997617,8,0,8
256,1,59,20.194637999992437,8,0,8
256,1,60,20.214517999988857,8,0,8
256,1,61,20.29961600001684,8,0,8
256,1,62,20.349522000003617,8,0,8
256,1,63,20.191299000003937,8,0,8
256,1,64,20.2805039999987,8,0,8
256,1,65,22.00828599998772,8,0,8
256,1,66,20.27817199999049,8,0,8
256,1,67,20.440364000023692,8,0,8
256,1,68,20.23818200001415,8,0,8
256,1,69,20.31063500001551,8,0,8
256,1,70,20.317264999988538,8,0,8
256,1,71,20.313563000001977,8,0,8
256,1,72,20.26438699999744,8,0,8
256,1,73,20.306247000007716,8,0,8
256,1,74,20.212166000021625,8,0,8
256,1,75,20.258546999997407,8,0,8
256,1,76,20.27484800001389,8,0,8
256,1,77,20.34609399998999,8,0,8
256,1,78,20.417489999999816,8,0,8
256,1,79,20.248371999997516,8,0,8
256,1,80,20.33733600001142,8,0,8
256,1,81,20.2746740000066,8,0,8
256,1,82,20.255229000014197,8,0,8
256,1,83,20.276273999996874,8,0,8
256,1,84,20.247384999976248,8,0,8
256,1,85,20.324375000001282,8,0,8
256,1,86,20.256139999986544,8,0,8
256,1,87,20.267417000013666,8,0,8
256,1,88,20.33448299999918,8,0,8
256,1,89,20.313646999994717,8,0,8
256,1,90,20.285019999988663,8,0,8
256,1,91,20.49221699999748,8,0,8
256,1,92,20.532701999997016,8,0,8
256,1,93,20.292400999977644,8,0,8
256,1,94,20.346415999995315,8,0,8
256,1,95,20.36094700000035,8,0,8
256,1,96,20.478119000017614,8,0,8
256,1,97,20.2748119999967,8,0,8
256,1,98,20.22062899999355,8,0,8
256,1,99,20.308959000004734,8,0,0
256,2,0,19.409565000017892,128,0,8
256,2,1,20.43633599998884,8,0,8
256,2,2,20.32890300000645,8,0,8
256,2,3,20.177150000023403,8,0,8
256,2,4,20.095749000006435,8,0,8
256,2,5,20.12282700002288,8,0,8
256,2,6,20.25348000000804,8,0,8
256,2,7,20.120654999999488,8,0,8
256,2,8,20.15520300000162,8,0,8
256,2,9,20.091680999996697,8,0,8
256,2,10,22.78385899998625,256,0,9
256,2,11,22.96841400001881,256,0,9
256,2,12,22.967379999982995,256,0,9
256,2,13,22.952613000001065,256,0,9
256,2,14,24.614491999983557,256,0,9
256,2,15,23.250969000002897,256,0,9
256,2,16,23.05745200001752,256,0,9
256,2,17,23.26982799999655,256,0,9
256,2,18,22.954540000000634,72,0,8
256,2,19,20.199607999984437,8,0,8
256,2,20,20.233125000004293,8,0,8
256,2,21,20.064240000010614,8,0,8
256,2,22,20.2065839999932,8,0,8
256,2,23,20.203491000017948,8,0,8
256,2,24,20.205215000004273,8,0,8
256,2,25,20.483901000005744,8,0,8
256,2,26,20.787360000014132,8,0,8
256,2,27,20.306748999985302,8,0,8
256,2,28,20.081995999987612,8,0,8
256,2,29,20.307650999995985,8,0,8
256,2,30,20.517339000008405,8,0,8
256,2,31,20.265100000017355,8,0,8
256,2,32,20.039096000004974,8,0,8
256,2,33,20.16602700001613,8,0,8
256,2,34,20.226709000013443,8,0,8
256,2,35,20.285185999995292,8,0,8
256,2,36,20.16394899999341,8,0,8
256,2,37,20.19988700001818,8,0,8
256,2,38,20.20248700000593,8,0,8
256,2,39,20.34422799999902,8,0,8
256,2,40,20.492200999996157,8,0,8
256,2,41,20.32023900000013,8,0,8
256,2,42,20.297818000017287,8,0,8
256,2,43,21.998378999995793,8,0,8
256,2,44,20.477204000002303,8,0,8
256,2,45,20.26480899999683,8,0,8
256,2,46,20.280216000003293,8,0,8
256,2,47,20.580784000003405,8,0,8
256,2,48,20.499548000003642,8,0,8
256,2,49,20.75035999999386,8,0,8
256,2,50,20.14617800000451,8,0,8
256,2,51,20.197781999996778,8,0,8
256,2,52,20.261509999983218,8,0,8
256,2,53,20.151325999989922,8,0,8
256,2,54,20.139743999976645,8,0,8
256,2,55,20.305583999999044,8,0,8
256,2,56,20.169407999986788,8,0,8
256,2,57,21.506009999995968,8,0,8
256,2,58,20.32130500001017,8,0,8
256,2,59,20.265399999999545,8,0,8
256,2,60,20.21947700001192,8,0,8
256,2,61,20.20529499998247,8,0,8
256,2,62,20.246694000007892,8,0,8
256,2,63,20.15853200001061,8,0,8
256,2,64,20.37294600000905,8,0,8
256,2,65,20.288757000002988,8,0,8
256,2,66,20.20104700000047,8,0,8
256,2,67,20.223428000008425,8,0,8
256,2,68,20.2719960000195,8,0,8
256,2,69,20.305578000005653,8,0,8
256,2,70,20.140708000013774,8,0,8
256,2,71,20.252319999997326,8,0,8
256,2,72,20.251318999982004,8,0,8
256,2,73,20.32621399999357,8,0,8
256,2,74,20.385317000005898,8,0,8
256,2,75,20.470915999993622,8,0,8
256,2,76,20.407338000012487,8,0,8
256,2,77,20.300696000020935,8,0,8
256,2,78,20.340280999988636,8,0,8
256,2,79,20.231222999996135,8,0,8
256,2,80,20.265496000007488,8,0,8
256,2,81,20.299659000016845,8,0,8
256,2,82,22.173251999987542,8,0,8
256,2,83,20.237979000000905,8,0,8
256,2,84,20.234401999999818,8,0,8
256,2,85,20.210372999997617,8,0,8
256,2,86,20.273842000023024,8,0,8
256,2,87,20.783074999997098,8,0,8
256,2,88,21.022196999979315,8,0,8
256,2,89,20.605947000007063,8,0,8
256,2,90,20.212032999978646,8,0,8
256,2,91,20.302905999983523,8,0,8
256,2,92,20.24023399999919,8,0,8
256,2,93,20.521745999985797,8,0,8
256,2,94,20.347388000004685,8,0,8
256,2,95,21.099042999992434,8,0,8
256,2,96,22.278012000015224,8,0,8
256,2,97,22.53612199999111,8,0,8
256,2,98,21.727840000011156,8,0,8
256,2,99,20.73798800000759,8,0,0
256,3,0,19.4437910000147,128,0,8
256,3,1,20.344788000016933,8,0,8
256,3,2,20.175425999980234,8,0,8
256,3,3,20.20788100000459,8,0,8
256,3,4,20.20131599999786,8,0,8
256,3,5,20.151513999991266,8,0,8
256,3,6,20.089467000019567,8,0,8
256,3,7,20.06457599998157,8,0,8
256,3,8,20.095289000011007,8,0,8
256,3,9,20.097771000024522,8,0,8
256,3,10,22.785440999996354,256,0,9
256,3,11,23.13810900000135,256,0,9
256,3,12,23.203978999987385,256,0,9
256,3,13,23.054946999991444,256,0,9
256,3,14,22.994718999996167,256,0,9
256,3,15,23.178754000014123,256,0,9
256,3,16,23.166904999982307,256,0,9
256,3,17,23.23200099999667,256,0,9
256,3,18,22.980732999997144,72,0,8
256,3,19,20.527538999999706,8,0,8
256,3,20,20.13069099999143,8,0,8
256,3,21,20.234936000008474,8,0,8
256,3,22,20.277477000007593,8,0,8
256,3,23,20.21827000001508,8,0,8
256,3,24,20.118968000019777,8,0,8
256,3,25,20.280424000020503,8,0,8
256,3,26,20.445670999976073,8,0,8
256,3,27,20.117591000001767,8,0,8
256,3,28,20.258314000017208,8,0,8
256,3,29,20.112639000018362,8,0,8
256,3,30,20.257976000010558,8,0,8
256,3,31,20.251694999984693,8,0,8
256,3,32,20.151830999992626,8,0,8
256,3,33,20.121824999989713,8,0,8
256,3,34,20.156158999981244,8,0,8
256,3,35,20.185483999995313,8,0,8
256,3,36,20.47425800000724,8,0,8
256,3,37,20.172427000005655,8,0,8
256,3,38,20.1640159999954,8,0,8
256,3,39,20.16489299998625,8,0,8
256,3,40,20.13980999998921,8,0,8
256,3,41,20.328599999999142,8,0,8
256,3,42,20.258597999998074,8,0,8
256,3,43,20.15776800001845,8,0,8
256,3,44,20.209217000001445,8,0,8
256,3,45,20.198684999996885,8,0,8
256,3,46,20.39083200000391,8,0,8
256,3,47,20.150059999991754,8,0,8
256,3,48,20.196015000010448,8,0,8
256,3,49,20.247807999993483,8,0,8
256,3,50,20.204137999996874,8,0,8
256,3,51,20.37898399998994,8,0,8
256,3,52,20.24163599998019,8,0,8
256,3,53,20.221910000003618,8,0,8
256,3,54,20.1844000000051,8,0,8
256,3,55,20.225975999977663,8,0,8
256,3,56,20.303781000023946,8,0,8
256,3,57,20.20435500000417,8,0,8
256,3,58,20.230872000013278,8,0,8
256,3,59,20.214533000000756,8,0,8
256,3,60,20.296161999993956,8,0,8
256,3,61,20.231854999991583,8,0,8
256,3,62,20.183102000004283,8,0,8
256,3,63,20.152073000019755,8,0,8
256,3,64,20.538777000012942,8,0,8
256,3,65,20.245756999997866,8,0,8
256,3,66,20.274123000007194,8,0,8
256,3,67,20.163451999991366,8,0,8
256,3,68,20.2062289999958,8,0,8
256,3,69,20.361501999985876,8,0,8
256,3,70,20.304084999992256,8,0,8
256,3,71,20.428051000010328,8,0,8
256,3,72,20.272523000016918,8,0,8
256,3,73,20.2697349999994,8,0,8
256,3,74,20.37564299999417,8,0,8
256,3,75,20.31257400000186,8,0,8
256,3,76,20.327049999991686,8,0,8
256,3,77,20.320354999995516,8,0,8
256,3,78,20.22007499999745,8,0,8
256,3,79,20.228790999993862,8,0,8
256,3,80,20.239478000007693,8,0,8
256,3,81,20.271426999983078,8,0,8
256,3,82,20.25109800001701,8,0,8
256,3,83,20.272906999991847,8,0,8
256,3,84,20.331706999996868,8,0,8
256,3,85,20.201938000013797,8,0,8
256,3,86,20.217435999995814,8,0,8
256,3,87,20.112958999987995,8,0,8
256,3,88,20.166066999991017,8,0,8
256,3,89,20.214065000004666,8,0,8
256,3,90,20.35152600001311,8,0,8
256,3,91,20.27884799997537,8,0,8
256,3,92,20.51099899998121,8,0,8
256,3,93,20.300992999978007,8,0,8
256,3,94,20.259660999982998,8,0,8
256,3,95,20.310521999988396,8,0,8
256,3,96,20.30172100000982,8,0,8
256,3,97,20.37070899999094,8,0,8
256,3,98,20.374572000008584,8,0,8
256,3,99,20.243778000008206,8,0,0
256,4,0,19.290274000013596,128,0,8
256,4,1,20.047537000010607,8,0,8
256,4,2,20.185515000008536,8,0,8
256,4,3,20.09251399999812,8,0,8
256,4,4,20.08791500000484,8,0,8
256,4,5,20.144598999991103,8,0,8
256,4,6,20.163258999986056,8,0,8
256,4,7,20.13313199998379,8,0,8
256,4,8,20.179170000005797,8,0,8
256,4,9,20.130369000014525,8,0,8
256,4,10,22.69894799999861,256,0,9
256,4,11,22.95904100000712,256,0,9
256,4,12,23.002533000010317,256,0,9
256,4,13,23.040196000010837,256,0,9
256,4,14,22.985621000003675,256,0,9
256,4,15,22.926608999995324,256,0,9
256,4,16,23.094035000013946,256,0,9
256,4,17,23.30204500000832,256,0,9
256,4,18,22.9253319999998,72,0,8
256,4,19,20.179194999997208,8,0,8
256,4,20,20.0784179999971,8,0,8
256,4,21,20.055753999997705,8,0,8
256,4,22,20.176308999992898,8,0,8
256,4,23,20.157143000005817,8,0,8
256,4,24,20.318761999988055,8,0,8
256,4,25,20.10403199997768,8,0,8
256,4,26,20.203597999994827,8,0,8
256,4,27,20.139552000017602,8,0,8
256,4,28,20.210214000002225,8,0,8
256,4,29,20.206129000001738,8,0,8
256,4,30,20.20424200000548,8,0,8
256,4,31,20.106138000016927,8,0,8
256,4,32,20.126129000004767,8,0,8
256,4,33,20.210888999997678,8,0,8
256,4,34,20.167525999994496,8,0,8
256,4,35,20.24443399997722,8,0,8
256,4,36,20.204081000002816,8,0,8
256,4,37,21.39062699998817,8,0,8
256,4,38,20.89824500001214,8,0,8
256,4,39,20.228403999993816,8,0,8
256,4,40,20.17207299999768,8,0,8
256,4,41,20.25012400000037,8,0,8
256,4,42,20.32510600000137,8,0,8
256,4,43,20.26961100000335,8,0,8
256,4,44,20.49359999998046,8,0,8
256,4,45,20.183153999994374,8,0,8
256,4,46,20.248830000014095,8,0,8
256,4,47,20.186021000000665,8,0,8
256,4,48,20.28610600001457,8,0,8
256,4,49,20.61976799998888,8,0,8
256,4,50,20.724962000002733,8,0,8
256,4,51,22.08461400002193,8,0,8
256,4,52,20.528673999990588,8,0,8
256,4,53,20.532854999999017,8,0,8
256,4,54,20.446211999995967,8,0,8
256,4,55,20.244222999991734,8,0,8
256,4,56,20.411631999991187,8,0,8
256,4,57,20.250688000004402,8,0,8
256,4,58,20.35706000000914,8,0,8
256,4,59,20.274316999973507,8,0,8
256,4,60,20.385893999986138,8,0,8
256,4,61,20.189831999999797,8,0,8
256,4,62,20.169578999997384,8,0,8
256,4,63,20.412426000007144,8,0,8
256,4,64,20.233698999987837,8,0,8
256,4,65,20.246593999985407,8,0,8
256,4,66,20.27077599998961,8,0,8
256,4,67,20.233560999997735,8,0,8
256,4,68,20.36907600000859,8,0,8
256,4,69,20.81983699997636,8,0,8
256,4,70,20.276121000023295,8,0,8
256,4,71,20.621761000001015,8,0,8
256,4,72,20.526539999991655,8,0,8
256,4,73,20.528703999985964,8,0,8
256,4,74,20.320553000004793,8,0,8
256,4,75,20.364225000008673,8,0,8
256,4,76,20.284529999997858,8,0,8
256,4,77,20.312136000001146,8,0,8
256,4,78,20.51335900000595,8,0,8
256,4,79,20.260048000011466,8,0,8
256,4,80,20.30809500001851,8,0,8
256,4,81,20.381665999991583,8,0,8
256,4,82,21.2897650000059,8,0,8
256,4,83,20.73490500001185,8,0,8
256,4,84,20.39486399999646,8,0,8
256,4,85,20.276949999981753,8,0,8
256,4,86,20.29902800001082,8,0,8
256,4,87,20.481262000004108,8,0,8
256,4,88,20.359583999976394,8,0,8
256,4,89,20.297195000011925,8,0,8
256,4,90,20.238456000015503,8,0,8
256,4,91,20.411529999989853,8,0,8
256,4,92,20.26580800000488,8,0,8
256,4,93,20.26900500001716,8,0,8
256,4,94,20.255692999995745,8,0,8
256,4,95,20.21478999998294,8,0,8
256,4,96,20.515533999997615,8,0,8
256,4,97,20.577118999995037,8,0,8
256,4,98,20.320652999998856,8,0,8
256,4,99,20.288838999988457,8,0,0
256,5,0,19.485551999991912,128,0,8
256,5,1,20.2957349999906,8,0,8
256,5,2,20.350381999975298,8,0,8
256,5,3,20.069970000008652,8,0,8
256,5,4,20.102235999985396,8,0,8
256,5,5,20.02278099999444,8,0,8
256,5,6,20.098469000004116,8,0,8
256,5,7,20.113516999998637,8,0,8
256,5,8,20.384940000013785,8,0,8
256,5,9,20.398231000001488,8,0,8
256,5,10,22.749325000006593,256,0,9
256,5,11,22.915746999984776,256,0,9
256,5,12,22.950624000003472,256,0,9
256,5,13,23.006889999976465,256,0,9
256,5,14,22.998807999982773,256,0,9
256,5,15,23.0094059999999,256,0,9
256,5,16,23.038310999993428,256,0,9
256,5,17,23.55566299999623,256,0,9
256,5,18,23.023354000002882,72,0,8
256,5,19,20.186628999994127,8,0,8
256,5,20,20.237494000014067,8,0,8
256,5,21,20.270508999999493,8,0,8
256,5,22,20.181183000005376,8,0,8
256,5,23,20.190355000011095,8,0,8
256,5,24,20.133274000016854,8,0,8
256,5,25,20.17177499999434,8,0,8
256,5,26,20.59102300000859,8,0,8
256,5,27,20.148852999994915,8,0,8
256,5,28,20.192729000001464,8,0,8
256,5,29,21.050933999987365,8,0,8
256,5,30,22.30393100001038,8,0,8
256,5,31,21.976253000019597,8,0,8
256,5,32,20.973937000007936,8,0,8
256,5,33,20.634473000001208,8,0,8
256,5,34,20.358256000008623,8,0,8
256,5,35,20.42110100001082,8,0,8
256,5,36,20.983416000007082,8,0,8
256,5,37,22.23520300000814,8,0,8
256,5,38,21.61889600000677,8,0,8
256,5,39,20.711348999981283,8,0,8
256,5,40,20.75017600000706,8,0,8
256,5,41,20.2277669999944,8,0,8
256,5,42,20.347888999992847,8,0,8
256,5,43,20.315492000008817,8,0,8
256,5,44,20.244107999985772,8,0,8
256,5,45,20.311968000015668,8,0,8
256,5,46,20.244002999987742,8,0,8
256,5,47,20.206459000007726,8,0,8
256,5,48,20.323092000012366,8,0,8
256,5,49,20.499682000007624,8,0,8
256,5,50,21.019686999977694,8,0,8
256,5,51,21.34313099998053,8,0,8
256,5,52,21.169896999992943,8,0,8
256,5,53,20.53625700000339,8,0,8
256,5,54,20.20564200000763,8,0,8
256,5,55,20.297926000012012,8,0,8
256,5,56,20.273736000007148,8,0,8
256,5,57,20.173959000004515,8,0,8
256,5,58,20.262373000008438,8,0,8
256,5,59,20.201245999999173,8,0,8
256,5,60,20.11894599999664,8,0,8
256,5,61,20.25677100002099,8,0,8
256,5,62,20.249460000002273,8,0,8
256,5,63,20.427899000026173,8,0,8
256,5,64,20.19563199999652,8,0,8
256,5,65,20.149513999996316,8,0,8
256,5,66,20.25085400001103,8,0,8
256,5,67,20.13398799999777,8,0,8
256,5,68,20.198721000014075,8,0,8
256,5,69,20.49120800000992,8,0,8
256,5,70,20.65623499998992,8,0,8
256,5,71,20.42350199999987,8,0,8
256,5,72,20.227118000008204,8,0,8
256,5,73,20.201667000009138,8,0,8
256,5,74,20.18835999999169,8,0,8
256,5,75,20.254007999994883,8,0,8
256,5,76,20.302359999988084,8,0,8
256,5,77,20.2589960000239,8,0,8
256,5,78,20.232544999998936,8,0,8
256,5,79,22.283874999999398,8,0,8
256,5,80,21.030384999988883,8,0,8
256,5,81,20.389919999985295,8,0,8
256,5,82,20.18093000000931,8,0,8
256,5,83,20.268968000010545,8,0,8
256,5,84,20.537356999994927,8,0,8
256,5,85,20.311900999985255,8,0,8
256,5,86,20.251590000015085,8,0,8
256,5,87,20.200778999992508,8,0,8
256,5,88,20.24202500001593,8,0,8
256,5,89,20.263056000004553,8,0,8
256,5,90,20.221730000002935,8,0,8
256,5,91,20.135748000001286,8,0,8
256,5,92,20.24417000001222,8,0,8
256,5,93,20.235214999985374,8,0,8
256,5,94,20.462505000011788,8,0,8
256,5,95,20.238415999983772,8,0,8
256,5,96,20.264523000008694,8,0,8
256,5,97,20.263047000014467,8,0,8
256,5,98,20.271892000010894,8,0,8
256,5,99,20.297124999984817,8,0,0
512,0,0,19.660423999994237,128,0,8
512,0,1,20.090643999992608,8,0,8
512,0,2,20.0913109999874,8,0,8
512,0,3,20.09447599999703,8,0,8
512,0,4,20.185084999980063,8,0,8
512,0,5,20.2820890000055,8,0,8
512,0,6,20.086438999982192,8,0,8
512,0,7,20.11169899998322,8,0,8
512,0,8,20.07379200000514,8,0,8
512,0,9,20.144380000004958,8,0,8
512,0,10,24.258955000021842,512,0,9
512,0,11,353.876151999998,512,0,9
512,0,12,364.3033559999935,512,0,9
512,0,13,375.67255000001865,512,0,9
512,0,14,1356.829810999983,40,0,8
512,0,15,20.55213799999933,8,0,8
512,0,16,20.407723999994687,8,0,8
512,0,17,20.746567000003324,8,0,8
512,0,18,21.976940000001832,8,0,8
512,0,19,20.17256599998518,8,0,8
512,0,20,20.163140999983398,8,0,8
512,0,21,20.232799000012847,8,0,8
512,0,22,20.18885099997192,8,0,8
512,0,23,20.15568799998846,8,0,8
512,0,24,20.137712999996893,8,0,8
512,0,25,20.157117999985985,8,0,8
512,0,26,20.217494999997143,8,0,8
512,0,27,20.17351499998199,8,0,8
512,0,28,20.210249999990992,8,0,8
512,0,29,20.09965599998509,8,0,8
512,0,30,20.461425000007694,8,0,8
512,0,31,20.08679599998686,8,0,8
512,0,32,20.12114800001541,8,0,8
512,0,33,20.1967050000178,8,0,8
512,0,34,20.304221999992933,8,0,8
512,0,35,20.362319000014395,8,0,8
512,0,36,20.117865999992546,8,0,8
512,0,37,20.211173000006966,8,0,8
512,0,38,20.590563000013162,8,0,8
512,0,39,20.251967999996623,8,0,8
512,0,40,20.218360000001212,8,0,8
512,0,41,20.22590200002128,8,0,8
512,0,42,20.163633000009895,8,0,8
512,0,43,20.170774999996866,8,0,8
512,0,44,20.207772999981444,8,0,8
512,0,45,20.258382000008623,8,0,8
512,0,46,20.206563999977334,8,0,8
512,0,47,20.152257000006557,8,0,8
512,0,48,20.20991300000219,8,0,8
512,0,49,20.238863999992418,8,0,8
512,0,50,20.129826000015782,8,0,8
512,0,51,20.28128300000276,8,0,8
512,0,52,20.247347999998055,8,0,8
512,0,53,20.297900000002755,8,0,8
512,0,54,20.30006100000037,8,0,8
512,0,55,20.266190999990386,8,0,8
512,0,56,20.36971800001197,8,0,8
512,0,57,20.14456599999903,8,0,8
512,0,58,20.266942999995763,8,0,8
512,0,59,20.563734999996086,8,0,8
512,0,60,20.20596500000238,8,0,8
512,0,61,20.464199000002736,8,0,8
512,0,62,20.242685999988907,8,0,8
512,0,63,20.265632999979744,8,0,8
512,0,64,20.253151000019898,8,0,8
512,0,65,20.2264909999883,8,0,8
512,0,66,20.258073000007926,8,0,8
512,0,67,20.2337679999971,8,0,8
512,0,68,20.295021000009683,8,0,8
512,0,69,20.25593499999445,8,0,8
512,0,70,20.263172999989365,8,0,8
512,0,71,20.26038899998639,8,0,8
512,0,72,20.16666900001951,8,0,8
512,0,73,20.29350999998769,8,0,8
512,0,74,20.24813200000608,8,0,8
512,0,75,21.453690000015513,8,0,8
512,0,76,20.21609800002011,8,0,8
512,0,77,20.230257000008578,8,0,8
512,0,78,20.327542999979187,8,0,8
512,0,79,20.23774699998171,8,0,8
512,0,80,20.285024000003204,8,0,8
512,0,81,20.32871200000841,8,0,8
512,0,82,20.26921899999934,8,0,8
512,0,83,20.24778200001265,8,0,8
512,0,84,20.29724199999805,8,0,8
512,0,85,20.401450999997905,8,0,8
512,0,86,20.288148999981104,8,0,8
512,0,87,20.338691000006293,8,0,8
512,0,88,20.350487999991174,8,0,8
512,0,89,20.38407800000641,8,0,8
512,0,90,20.33358700001031,8,0,8
512,0,91,20.228809000002457,8,0,8
512,0,92,20.23232999999891,8,0,8
512,0,93,20.345273999993196,8,0,8
512,0,94,20.36621099998115,8,0,8
512,0,95,20.299224000012828,8,0,8
512,0,96,20.276140999982317,8,0,8
512,0,97,20.370141000000785,8,0,8
512,0,98,20.223746999988634,8,0,8
512,0,99,20.222993999993832,8,0,0
512,1,0,19.453503999983468,128,0,8
512,1,1,20.079782000010482,8,0,8
512,1,2,20.15401300002395,8,0,8
512,1,3,20.18813800000885,8,0,8
512,1,4,20.14235400000075,8,0,8
512,1,5,20.125328999995418,8,0,8
512,1,6,20.104566000014756,8,0,8
512,1,7,20.203336000008676,8,0,8
512,1,8,20.093637000002218,8,0,8
512,1,9,20.03395100001626,8,0,8
512,1,10,24.216499000004887,512,0,9
512,1,11,24.356389000018908,512,0,9
512,1,12,25.641849999999522,512,0,9
512,1,13,24.939797999991242,512,0,9
512,1,14,22.77083199999197,40,0,8
512,1,15,20.167649999990545,8,0,8
512,1,16,20.303601999984267,8,0,8
512,1,17,20.155305000002954,8,0,8
512,1,18,20.06423000000268,8,0,8
512,1,19,20.19210200000998,8,0,8
512,1,20,20.135908999975527,8,0,8
512,1,21,20.14272600001732,8,0,8
512,1,22,20.151985000012473,8,0,8
512,1,23,20.10870399999476,8,0,8
512,1,24,20.1171850000037,8,0,8
512,1,25,21.144189000011693,8,0,8
512,1,26,20.228516999992507,8,0,8
512,1,27,20.052725999988752,8,0,8
512,1,28,20.159121999995477,8,0,8
512,1,29,20.153573000015967,8,0,8
512,1,30,20.22859400000243,8,0,8
512,1,31,20.262681999980714,8,0,8
512,1,32,20.224904000002653,8,0,8
512,1,33,20.11627599998178,8,0,8
512,1,34,20.25127999999654,8,0,8
512,1,35,20.185830000002625,8,0,8
512,1,36,20.200012999993078,8,0,8
512,1,37,20.15927499999748,8,0,8
512,1,38,20.133151999999654,8,0,8
512,1,39,20.25063600001431,8,0,8
512,1,40,20.158871000006684,8,0,8
512,1,41,20.24042499999723,8,0,8
512,1,42,20.285029999996596,8,0,8
512,1,43,20.209446000023945,8,0,8
512,1,44,20.1743990000125,8,0,8
512,1,45,20.17967099999396,8,0,8
512,1,46,20.262905000009823,8,0,8
512,1,47,20.1272930000016,8,0,8
512,1,48,20.203156999997418,8,0,8
512,1,49,20.16958999999474,8,0,8
512,1,50,20.196200000015097,8,0,8
512,1,51,20.33476199997608,8,0,8
512,1,52,20.25546100000497,8,0,8
512,1,53,20.224350000006552,8,0,8
512,1,54,20.238565999989078,8,0,8
512,1,55,20.24095400000192,8,0,8
512,1,56,20.855374999996457,8,0,8
512,1,57,20.786919000016724,8,0,8
512,1,58,20.5875100000128,8,0,8
512,1,59,20.523035000024947,8,0,8
512,1,60,20.336301999975603,8,0,8
512,1,61,20.323033000011037,8,0,8
512,1,62,20.175135000016553,8,0,8
512,1,63,20.288894000003665,8,0,8
512,1,64,20.155294000005597,8,0,8
512,1,65,20.256799000009096,8,0,8
512,1,66,20.23634500000071,8,0,8
512,1,67,20.10936699997501,8,0,8
512,1,68,20.207234999986667,8,0,8
512,1,69,20.19769600002519,8,0,8
512,1,70,20.249901999989106,8,0,8
512,1,71,20.226530000002185,8,0,8
512,1,72,20.207456000008506,8,0,8
512,1,73,20.23241399999165,8,0,8
512,1,74,20.22578800000474,8,0,8
512,1,75,20.52324799998928,8,0,8
512,1,76,20.359873999979072,8,0,8
512,1,77,20.33034500001918,8,0,8
512,1,78,20.429186999990634,8,0,8
512,1,79,20.261186999988468,8,0,8
512,1,80,20.373398000003817,8,0,8
512,1,81,20.31573899998307,8,0,8
512,1,82,20.201108999998496,8,0,8
512,1,83,20.567585999998528,8,0,8
512,1,84,20.265878999992992,8,0,8
512,1,85,20.459209999984296,8,0,8
512,1,86,20.320744000002833,8,0,8
512,1,87,20.395275999987916,8,0,8
512,1,88,20.260633999981792,8,0,8
512,1,89,20.305559999997058,8,0,8
512,1,90,20.266645999981847,8,0,8
512,1,91,20.57782800000041,8,0,8
512,1,92,20.951383000010537,8,0,8
512,1,93,20.79049799999666,8,0,8
512,1,94,20.921676999989813,8,0,8
512,1,95,20.426275999994914,8,0,8
512,1,96,20.219520000011926,8,0,8
512,1,97,20.389324000007036,8,0,8
512,1,98,20.276080999991564,8,0,8
512,1,99,20.29864400000747,8,0,0
512,2,0,19.44524099999967,128,0,8
512,2,1,20.119206000003942,8,0,8
512,2,2,20.029727000007824,8,0,8
512,2,3,20.098498999999492,8,0,8
512,2,4,20.078271000016912,8,0,8
512,2,5,20.099034000025995,8,0,8
512,2,6,20.111517000003687,8,0,8
512,2,7,20.010477999989007,8,0,8
512,2,8,20.083831999983204,8,0,8
512,2,9,20.086651000013944,8,0,8
512,2,10,24.439454000003025,512,0,9
512,2,11,24.578518999987864,512,0,9
512,2,12,24.343955999995615,512,0,9
512,2,13,24.743425999986357,512,0,9
512,2,14,22.71135200001595,40,0,8
512,2,15,20.07805700000631,8,0,8
512,2,16,20.057909000001928,8,0,8
512,2,17,20.23707499998295,8,0,8
512,2,18,20.094363999987763,8,0,8
512,2,19,20.172819999999092,8,0,8
512,2,20,20.209572999988268,8,0,8
512,2,21,20.05457999999294,8,0,8
512,2,22,20.14734299999077,8,0,8
512,2,23,20.11108400000694,8,0,8
512,2,24,20.18616500001258,8,0,8
512,2,25,20.053026999988788,8,0,8
512,2,26,20.104715000002216,8,0,8
512,2,27,20.1002959999812,8,0,8
512,2,28,20.113541000000623,8,0,8
512,2,29,20.232013999986975,8,0,8
512,2,30,20.206676000015023,8,0,8
512,2,31,20.112943999976096,8,0,8
512,2,32,20.0979579999796,8,0,8
512,2,33,20.15829500001587,8,0,8
512,2,34,20.267252999985885,8,0,8
512,2,35,20.108395999983486,8,0,8
512,2,36,20.194389000010915,8,0,8
512,2,37,21.218678999986196,8,0,8
512,2,38,20.240973999989365,8,0,8
512,2,39,20.310693999988416,8,0,8
512,2,40,20.35280000001194,8,0,8
512,2,41,20.248417999994217,8,0,8
512,2,42,20.257366000009824,8,0,8
512,2,43,20.359334000005447,8,0,8
512,2,44,20.25156200002698,8,0,8
512,2,45,20.244132999977182,8,0,8
512,2,46,20.135054999997237,8,0,8
512,2,47,20.202280000006567,8,0,8
512,2,48,20.144662000006974,8,0,8
512,2,49,20.23322200000166,8,0,8
512,2,50,20.165519999977732,8,0,8
512,2,51,20.18799699999363,8,0,8
512,2,52,20.12028699999746,8,0,8
512,2,53,20.235088999982054,8,0,8
512,2,54,20.296530999985407,8,0,8
512,2,55,20.200353999996423,8,0,8
512,2,56,20.243653999983735,8,0,8
512,2,57,20.19248799999218,8,0,8
512,2,58,20.273153000005095,8,0,8
512,2,59,20.36599699999897,8,0,8
512,2,60,20.21849499999462,8,0,8
512,2,61,20.21714500000371,8,0,8
512,2,62,20.40610099999185,8,0,8
512,2,63,20.375008000002026,8,0,8
512,2,64,20.43545099999733,8,0,8
512,2,65,20.64972700000567,8,0,8
512,2,66,20.418261000003213,8,0,8
512,2,67,20.193640000002233,8,0,8
512,2,68,20.26372800000331,8,0,8
512,2,69,20.23557300000789,8,0,8
512,2,70,20.256050000000414,8,0,8
512,2,71,20.203013000013925,8,0,8
512,2,72,20.29742300001658,8,0,8
512,2,73,20.325900000017327,8,0,8
512,2,74,20.269422000012582,8,0,8
512,2,75,20.249583999998322,8,0,8
512,2,76,20.30820400000266,8,0,8
512,2,77,20.33299699999702,8,0,8
512,2,78,20.240072000007103,8,0,8
512,2,79,20.244064999985767,8,0,8
512,2,80,20.334225999988575,8,0,8
512,2,81,20.214670000001433,8,0,8
512,2,82,20.22307799998657,8,0,8
512,2,83,20.352728000005982,8,0,8
512,2,84,20.60165800000391,8,0,8
512,2,85,20.47234799999842,8,0,8
512,2,86,20.360548000013523,8,0,8
512,2,87,20.35956399998895,8,0,8
512,2,88,20.38874999999507,8,0,8
512,2,89,20.286695999999438,8,0,8
512,2,90,20.286613999985548,8,0,8
512,2,91,20.24935400001482,8,0,8
512,2,92,20.245789000000514,8,0,8
512,2,93,20.330236999996032,8,0,8
512,2,94,20.573681000001898,8,0,8
512,2,95,20.321698000003607,8,0,8
512,2,96,20.251122000018995,8,0,8
512,2,97,22.473654000009446,8,0,8
512,2,98,20.33518900000786,8,0,8
512,2,99,20.345384000023614,8,0,0
512,3,0,19.350255999995625,128,0,8
512,3,1,20.133259000004955,8,0,8
512,3,2,20.075788000013972,8,0,8
512,3,3,20.16499599997701,8,0,8
512,3,4,22.04883100000643,8,0,8
512,3,5,20.150940999997147,8,0,8
512,3,6,20.062400999989904,8,0,8
512,3,7,21.70808700000748,8,0,8
512,3,8,20.125915000022587,8,0,8
512,3,9,20.086302000009937,8,0,8
512,3,10,24.716747000013584,512,0,9
512,3,11,26.149349999997185,512,0,9
512,3,12,25.51720199997476,512,0,9
512,3,13,25.84732400001144,512,0,9
512,3,14,22.985358999989103,40,0,8
512,3,15,20.20986900001276,8,0,8
512,3,16,20.19209200000205,8,0,8
512,3,17,20.17049500000212,8,0,8
512,3,18,20.080298999999968,8,0,8
512,3,19,20.16256999999655,8,0,8
512,3,20,21.40136500000267,8,0,8
512,3,21,20.10648400002424,8,0,8
512,3,22,20.265948000002254,8,0,8
512,3,23,20.154598000004853,8,0,8
512,3,24,20.148229999989553,8,0,8
512,3,25,20.13940300000172,8,0,8
512,3,26,20.211609000000408,8,0,8
512,3,27,20.172975000008364,8,0,8
512,3,28,20.14219199998024,8,0,8
512,3,29,20.172258999991755,8,0,8
512,3,30,20.185148000024355,8,0,8
512,3,31,20.231551999984276,8,0,8
512,3,32,20.385295000011183,8,0,8
512,3,33,20.144842000007657,8,0,8
512,3,34,20.163687999996682,8,0,8
512,3,35,20.168874000006554,8,0,8
512,3,36,20.31386699999871,8,0,8
512,3,37,20.27405199999066,8,0,8
512,3,38,20.16631000000757,8,0,8
512,3,39,20.201751000001877,8,0,8
512,3,40,20.5616669999813,8,0,8
512,3,41,20.200849000019616,8,0,8
512,3,42,20.229322000005823,8,0,8
512,3,43,20.227759999983164,8,0,8
512,3,44,20.180036999988715,8,0,8
512,3,45,20.172571999978572,8,0,8
512,3,46,20.262923000018418,8,0,8
512,3,47,20.131339999977627,8,0,8
512,3,48,20.165937000001577,8,0,8
512,3,49,20.18814400000224,8,0,8
512,3,50,20.346523000000616,8,0,8
512,3,51,20.869235999981584,8,0,8
512,3,52,20.107233999993923,8,0,8
512,3,53,20.233931999996457,8,0,8
512,3,54,20.145697000003793,8,0,8
512,3,55,20.12905000000842,8,0,8
512,3,56,20.27528399997891,8,0,8
512,3,57,20.23608100000729,8,0,8
512,3,58,20.18065300001126,8,0,8
512,3,59,20.210587999997642,8,0,8
512,3,60,20.12394999999856,8,0,8
512,3,61,20.14245699999151,8,0,8
512,3,62,20.152846999991425,8,0,8
512,3,63,20.170379999996157,8,0,8
512,3,64,20.171820000001617,8,0,8
512,3,65,20.23175499999752,8,0,8
512,3,66,20.142340000006698,8,0,8
512,3,67,20.206346000009034,8,0,8
512,3,68,20.15147400001638,8,0,8
512,3,69,20.16194399999449,8,0,8
512,3,70,20.255624000014905,8,0,8
512,3,71,20.269786999989492,8,0,8
512,3,72,20.175460000018575,8,0,8
512,3,73,20.239220999997087,8,0,8
512,3,74,20.264263000001392,8,0,8
512,3,75,20.3236109999807,8,0,8
512,3,76,20.268729000008534,8,0,8
512,3,77,20.26391299997954,8,0,8
512,3,78,20.245676000001822,8,0,8
512,3,79,20.19314699998631,8,0,8
512,3,80,20.176678999973774,8,0,8
512,3,81,20.293993000024102,8,0,8
512,3,82,20.224908000017194,8,0,8
512,3,83,20.23955399999977,8,0,8
512,3,84,20.40780499999073,8,0,8
512,3,85,20.393751999989718,8,0,8
512,3,86,20.27144999999564,8,0,8
512,3,87,20.249293999995643,8,0,8
512,3,88,20.21217699999056,8,0,8
512,3,89,20.19798300000275,8,0,8
512,3,90,20.300510999987864,8,0,8
512,3,91,20.15803199998345,8,0,8
512,3,92,20.335305000003245,8,0,8
512,3,93,20.24316200001408,8,0,8
512,3,94,20.240835999999263,8,0,8
512,3,95,20.266727000006313,8,0,8
512,3,96,20.18626699998549,8,0,8
512,3,97,20.250429000014947,8,0,8
512,3,98,20.336306000018567,8,0,8
512,3,99,20.26309599997944,8,0,0
512,4,0,19.273201000004292,128,0,8
512,4,1,20.14105099999597,8,0,8
512,4,2,19.9966819999986,8,0,8
512,4,3,20.08943900000304,8,0,8
512,4,4,20.027639000005593,8,0,8
512,4,5,20.138750000000982,8,0,8
512,4,6,20.110606999992342,8,0,8
512,4,7,20.074302000011812,8,0,8
512,4,8,20.04493399999774,8,0,8
512,4,9,19.91997500002185,8,0,8
512,4,10,24.276776000021982,512,0,9
512,4,11,24.39722900001584,512,0,9
512,4,12,24.350095000016836,512,0,9
512,4,13,24.873028000001796,512,0,9
512,4,14,22.74057299999299,40,0,8
512,4,15,20.164474000011978,8,0,8
512,4,16,20.095382999983258,8,0,8
512,4,17,20.086046000017177,8,0,8
512,4,18,20.09973799999898,8,0,8
512,4,19,20.081631000010702,8,0,8
512,4,20,20.151545999993914,8,0,8
512,4,21,20.084335999996483,8,0,8
512,4,22,20.124862999978177,8,0,8
512,4,23,20.134431999991875,8,0,8
512,4,24,20.881853999981104,8,0,8
512,4,25,20.193241999976408,8,0,8
512,4,26,20.004123000006757,8,0,8
512,4,27,20.055558999985124,8,0,8
512,4,28,20.00912999997695,8,0,8
512,4,29,20.154593000000887,8,0,8
512,4,30,20.259646999988945,8,0,8
512,4,31,20.096964000003936,8,0,8
512,4,32,20.199706999989075,8,0,8
512,4,33,20.079892000012478,8,0,8
512,4,34,20.122242000013557,8,0,8
512,4,35,20.192179999980908,8,0,8
512,4,36,20.117938999987928,8,0,8
512,4,37,20.129221999980018,8,0,8
512,4,38,20.027964000007614,8,0,8
512,4,39,20.200316000000385,8,0,8
512,4,40,20.21325200001911,8,0,8
512,4,41,20.129217000004473,8,0,8
512,4,42,20.35361400001534,8,0,8
512,4,43,20.17933299998731,8,0,8
512,4,44,20.17817100002617,8,0,8
512,4,45,20.202554000007922,8,0,8
512,4,46,20.119566000005307,8,0,8
512,4,47,20.182761000000937,8,0,8
512,4,48,20.24229299999547,8,0,8
512,4,49,20.21133000002351,8,0,8
512,4,50,20.088112999985697,8,0,8
512,4,51,20.214943000013363,8,0,8
512,4,52,20.152002000003222,8,0,8
512,4,53,20.092771000008725,8,0,8
512,4,54,20.103409000000738,8,0,8
512,4,55,20.279400999982045,8,0,8
512,4,56,20.124832000021797,8,0,8
512,4,57,20.12226900001224,8,0,8
512,4,58,20.26488300001006,8,0,8
512,4,59,20.20405100000744,8,0,8
512,4,60,20.184986000003846,8,0,8
512,4,61,20.212462999978698,8,0,8
512,4,62,20.186276000004,8,0,8
512,4,63,20.144240000007585,8,0,8
512,4,64,20.17291300001034,8,0,8
512,4,65,20.173162000020284,8,0,8
512,4,66,20.201305999989927,8,0,8
512,4,67,20.296319999999923,8,0,8
512,4,68,20.173773000010442,8,0,8
512,4,69,20.29250299997898,8,0,8
512,4,70,20.613417999982175,8,0,8
512,4,71,20.38800500000093,8,0,8
512,4,72,20.36132300000304,8,0,8
512,4,73,20.221007999992935,8,0,8
512,4,74,20.233459999985826,8,0,8
512,4,75,20.258764000004703,8,0,8
512,4,76,20.188326999999617,8,0,8
512,4,77,20.209606000008762,8,0,8
512,4,78,20.28970699998922,8,0,8
512,4,79,20.220203999997466,8,0,8
512,4,80,20.232762000006232,8,0,8
512,4,81,20.280934999988176,8,0,8
512,4,82,20.26960699998881,8,0,8
512,4,83,20.22396199998866,8,0,8
512,4,84,20.309214999997494,8,0,8
512,4,85,20.319430999990118,8,0,8
512,4,86,20.25472900001546,8,0,8
512,4,87,20.1989360000141,8,0,8
512,4,88,20.25769799999466,8,0,8
512,4,89,20.29337599998371,8,0,8
512,4,90,20.3189959999861,8,0,8
512,4,91,20.36850700000059,8,0,8
512,4,92,20.356883000005155,8,0,8
512,4,93,20.30500800000823,8,0,8
512,4,94,20.331717999994225,8,0,8
512,4,95,20.252972999998065,8,0,8
512,4,96,20.280345999992733,8,0,8
512,4,97,20.21532499998102,8,0,8
512,4,98,20.272505999997747,8,0,8
512,4,99,20.33794199999761,8,0,0
512,5,0,19.355264999973087,128,0,8
512,5,1,20.237210999994204,8,0,8
512,5,2,20.07553400000006,8,0,8
512,5,3,21.2740720000113,8,0,8
512,5,4,20.19103800000721,8,0,8
512,5,5,20.162054999985912,8,0,8
512,5,6,20.20049300000437,8,0,8
512,5,7,20.134175999999115,8,0,8
512,5,8,20.172134999995706,8,0,8
512,5,9,20.248512999984314,8,0,8
512,5,10,24.200423999985787,512,0,9
512,5,11,24.395306000002392,512,0,9
512,5,12,24.382728999995607,512,0,9
512,5,13,24.830599000011944,512,0,9
512,5,14,22.686367000005703,40,0,8
512,5,15,20.446448000001283,8,0,8
512,5,16,20.748905000004925,8,0,8
512,5,17,20.175785000020596,8,0,8
512,5,18,20.105255000004263,8,0,8
512,5,19,20.159415000023273,8,0,8
512,5,20,20.17009200000075,8,0,8
512,5,21,20.1219409999851,8,0,8
512,5,22,20.125315000001365,8,0,8
512,5,23,20.098085000000765,8,0,8
512,5,24,20.13896199997589,8,0,8
512,5,25,20.167838999981313,8,0,8
512,5,26,20.14445500000761,8,0,8
512,5,27,20.17843300001232,8,0,8
512,5,28,20.134216000002425,8,0,8
512,5,29,20.06228399997667,8,0,8
512,5,30,20.049029999995582,8,0,8
512,5,31,20.08408899999381,8,0,8
512,5,32,20.23872899999901,8,0,8
512,5,33,20.234729999998535,8,0,8
512,5,34,20.274154000020417,8,0,8
512,5,35,20.114390999992793,8,0,8
512,5,36,20.120277999978953,8,0,8
512,5,37,20.166817000017545,8,0,8
512,5,38,20.128911999989896,8,0,8
512,5,39,20.14964299999633,8,0,8
512,5,40,20.23292200001947,8,0,8
512,5,41,20.15735799997742,8,0,8
512,5,42,20.23588699998413,8,0,8
512,5,43,20.205270000019482,8,0,8
512,5,44,20.301196000019672,8,0,8
512,5,45,20.13194799999951,8,0,8
512,5,46,21.69425200000319,8,0,8
512,5,47,21.934885999996823,8,0,8
512,5,48,21.80257099999494,8,0,8
512,5,49,20.648711999996294,8,0,8
512,5,50,20.551536999988684,8,0,8
512,5,51,20.23141099999748,8,0,8
512,5,52,20.214924000015344,8,0,8
512,5,53,20.108763999985513,8,0,8
512,5,54,20.19364299999893,8,0,8
512,5,55,20.20941699998957,8,0,8
512,5,56,20.13928099998452,8,0,8
512,5,57,20.205965999991804,8,0,8
512,5,58,20.198725000000195,8,0,8
512,5,59,20.23677699997961,8,0,8
512,5,60,20.147226999995382,8,0,8
512,5,61,20.16993500001263,8,0,8
512,5,62,20.279576999996607,8,0,8
512,5,63,20.183035000002292,8,0,8
512,5,64,20.100695999985874,8,0,8
512,5,65,20.222910999990518,8,0,8
512,5,66,20.23643300000799,8,0,8
512,5,67,20.184782999990603,8,0,8
512,5,68,20.23154299999419,8,0,8
512,5,69,21.988062999980684,8,0,8
512,5,70,21.18494399999804,8,0,8
512,5,71,20.365945000008878,8,0,8
512,5,72,20.23587700000462,8,0,8
512,5,73,20.314635999994834,8,0,8
512,5,74,20.28008399997816,8,0,8
512,5,75,20.341067999993356,8,0,8
512,5,76,20.307913000010558,8,0,8
512,5,77,20.207910000010543,8,0,8
512,5,78,20.258029000018496,8,0,8
512,5,79,20.17639900000745,8,0,8
512,5,80,20.135769000006576,8,0,8
512,5,81,20.288668000006282,8,0,8
512,5,82,20.272249999976566,8,0,8
512,5,83,20.237395999998853,8,0,8
512,5,84,20.33410099997468,8,0,8
512,5,85,20.243584999974473,8,0,8
512,5,86,20.279236000021683,8,0,8
512,5,87,20.274561000007907,8,0,8
512,5,88,20.240476999987322,8,0,8
512,5,89,20.258604000019886,8,0,8
512,5,90,20.230309999988094,8,0,8
512,5,91,22.05819200000292,8,0,8
512,5,92,20.358852000015304,8,0,8
512,5,93,20.283145999997032,8,0,8
512,5,94,20.267482000008386,8,0,8
512,5,95,20.208766000024525,8,0,8
512,5,96,20.267498999999134,8,0,8
512,5,97,20.42059499999027,8,0,8
512,5,98,20.36319300000855,8,0,8
512,5,99,20.339696000007734,8,0,0
1024,0,0,19.37001299998542,128,0,8
1024,0,1,20.158429999980854,8,0,8
1024,0,2,20.038106000015432,8,0,8
1024,0,3,20.02638199999751,8,0,8
1024,0,4,20.072527999985823,8,0,8
1024,0,5,20.052946000021166,8,0,8
1024,0,6,20.198816999993596,8,0,8
1024,0,7,20.105759000017542,8,0,8
1024,0,8,20.076471000010088,8,0,8
1024,0,9,20.042974999995522,8,0,8
1024,0,10,28.818690999997898,1024,0,9
1024,0,11,382.1870570000101,1024,0,9
1024,0,12,1356.7404490000001,24,0,8
1024,0,13,20.441938999994136,8,0,8
1024,0,14,20.66630699999905,8,0,8
1024,0,15,20.86178600001176,8,0,8
1024,0,16,20.21025700000223,8,0,8
1024,0,17,20.114790999997467,8,0,8
1024,0,18,20.198903000022028,8,0,8
1024,0,19,20.176675000016076,8,0,8
1024,0,20,20.171977999979163,8,0,8
1024,0,21,20.172223000002987,8,0,8
1024,0,22,20.268618000017113,8,0,8
1024,0,23,20.183989000003066,8,0,8
1024,0,24,20.13200500002199,8,0,8
1024,0,25,20.25690299998928,8,0,8
1024,0,26,20.303089999998747,8,0,8
1024,0,27,20.15564200002018,8,0,8
1024,0,28,20.65257900000006,8,0,8
1024,0,29,20.559370000000854,8,0,8
1024,0,30,20.267136000001074,8,0,8
1024,0,31,20.232423999999583,8,0,8
1024,0,32,20.147519999994756,8,0,8
1024,0,33,20.15061299999843,8,0,8
1024,0,34,20.15415400001075,8,0,8
1024,0,35,20.25480000000357,8,0,8
1024,0,36,20.142752000026576,8,0,8
1024,0,37,20.168054999999185,8,0,8
1024,0,38,20.193935000008878,8,0,8
1024,0,39,20.144907000002377,8,0,8
1024,0,40,20.191896000000042,8,0,8
1024,0,41,20.446617999994032,8,0,8
1024,0,42,20.292542000021285,8,0,8
1024,0,43,20.261060000024145,8,0,8
1024,0,44,20.141967000000705,8,0,8
1024,0,45,20.200926999990543,8,0,8
1024,0,46,20.1726610000037,8,0,8
1024,0,47,20.05776800001513,8,0,8
1024,0,48,20.209547000007433,8,0,8
1024,0,49,20.064853999997467,8,0,8
1024,0,50,20.21212900001501,8,0,8
1024,0,51,20.10033799999178,8,0,8
1024,0,52,20.145212999977957,8,0,8
1024,0,53,20.16896499998211,8,0,8
1024,0,54,20.201078000013695,8,0,8
1024,0,55,20.238099000010834,8,0,8
1024,0,56,20.155900999981213,8,0,8
1024,0,57,20.150457999989158,8,0,8
1024,0,58,20.151278999975375,8,0,8
1024,0,59,20.7011370000032,8,0,8
1024,0,60,20.437880000002906,8,0,8
1024,0,61,20.20359899998425,8,0,8
1024,0,62,20.28049999998416,8,0,8
1024,0,63,20.116933000025483,8,0,8
1024,0,64,20.1325569999824,8,0,8
1024,0,65,20.172383999977228,8,0,8
1024,0,66,20.239868000004435,8,0,8
1024,0,67,20.207846999994672,8,0,8
1024,0,68,20.107166000002508,8,0,8
1024,0,69,20.158114999986765,8,0,8
1024,0,70,20.27701400001547,8,0,8
1024,0,71,20.381783000004816,8,0,8
1024,0,72,20.22224099999903,8,0,8
1024,0,73,20.235278000001244,8,0,8
1024,0,74,20.264500000024555,8,0,8
1024,0,75,20.31327699998542,8,0,8
1024,0,76,20.11504000000741,8,0,8
1024,0,77,20.26094699999703,8,0,8
1024,0,78,20.200493999993796,8,0,8
1024,0,79,20.19514699998126,8,0,8
1024,0,80,20.34474900000305,8,0,8
1024,0,81,20.25192900001116,8,0,8
1024,0,82,20.316782999998395,8,0,8
1024,0,83,20.185685000001286,8,0,8
1024,0,84,20.180318000001307,8,0,8
1024,0,85,20.32633099997838,8,0,8
1024,0,86,20.277927999984513,8,0,8
1024,0,87,20.247941999997465,8,0,8
1024,0,88,20.228287000009004,8,0,8
1024,0,89,20.300739999981943,8,0,8
1024,0,90,20.302231999977494,8,0,8
1024,0,91,20.27415699998869,8,0,8
1024,0,92,20.30268400000068,8,0,8
1024,0,93,20.297349999992775,8,0,8
1024,0,94,20.201146999994535,8,0,8
1024,0,95,20.296511999987388,8,0,8
1024,0,96,20.28645199999346,8,0,8
1024,0,97,20.282804000004262,8,0,8
1024,0,98,20.265786000010166,8,0,8
1024,0,99,20.33632399999874,8,0,0
1024,1,0,19.358307000004515,128,0,8
1024,1,1,20.25584699998717,8,0,8
1024,1,2,20.416700999987825,8,0,8
1024,1,3,20.0662809999983,8,0,8
1024,1,4,20.108104999991383,8,0,8
1024,1,5,20.09895700001607,8,0,8
1024,1,6,20.056300999982568,8,0,8
1024,1,7,20.100587000001724,8,0,8
1024,1,8,20.056278999987853,8,0,8
1024,1,9,20.27783900001623,8,0,8
1024,1,10,29.06636699998444,1024,0,9
1024,1,11,29.564801999981682,1024,0,9
1024,1,12,22.581246000015653,24,0,8
1024,1,13,20.39585500000385,8,0,8
1024,1,14,20.242355000021917,8,0,8
1024,1,15,20.120523000002777,8,0,8
1024,1,16,20.15424399999688,8,0,8
1024,1,17,20.252580999994052,8,0,8
1024,1,18,20.153177000025835,8,0,8
1024,1,19,20.27331600001503,8,0,8
1024,1,20,20.182859999977154,8,0,8
1024,1,21,20.123503999997183,8,0,8
1024,1,22,20.163848999999345,8,0,8
1024,1,23,20.183846999998423,8,0,8
1024,1,24,20.086930999980268,8,0,8
1024,1,25,20.193485999982386,8,0,8
1024,1,26,20.173593999999184,8,0,8
1024,1,27,20.109476000016002,8,0,8
1024,1,28,20.173784999997224,8,0,8
1024,1,29,20.074788000016497,8,0,8
1024,1,30,20.281468000007408,8,0,8
1024,1,31,20.099602000016148,8,0,8
1024,1,32,20.085733999991362,8,0,8
1024,1,33,20.151426000012407,8,0,8
1024,1,34,20.119948000001386,8,0,8
1024,1,35,20.13130399998886,8,0,8
1024,1,36,20.155515999988438,8,0,8
1024,1,37,20.127535000000307,8,0,8
1024,1,38,20.26091199999769,8,0,8
1024,1,39,20.138706000011553,8,0,8
1024,1,40,20.08371600001624,8,0,8
1024,1,41,20.063633999996,8,0,8
1024,1,42,20.23594400000661,8,0,8
1024,1,43,20.162448999997196,8,0,8
1024,1,44,20.172929000011663,8,0,8
1024,1,45,20.232972999991716,8,0,8
1024,1,46,20.205975000010312,8,0,8
1024,1,47,20.30601300000967,8,0,8
1024,1,48,20.712190000011788,8,0,8
1024,1,49,20.222368000020197,8,0,8
1024,1,50,20.123990000001868,8,0,8
1024,1,51,20.191708999988123,8,0,8
1024,1,52,20.148861999985,8,0,8
1024,1,53,20.258848999986867,8,0,8
1024,1,54,20.234818000005816,8,0,8
1024,1,55,20.26280900000188,8,0,8
1024,1,56,20.167262000001074,8,0,8
1024,1,57,20.099866999998994,8,0,8
1024,1,58,20.298610000025974,8,0,8
1024,1,59,20.300434000006362,8,0,8
1024,1,60,20.252389999996012,8,0,8
1024,1,61,20.263669999991407,8,0,8
1024,1,62,20.196550999997953,8,0,8
1024,1,63,20.247297999986813,8,0,8
1024,1,64,20.18924200001493,8,0,8
1024,1,65,20.23414600000706,8,0,8
1024,1,66,20.27212999999506,8,0,8
1024,1,67,20.267326999999113,8,0,8
1024,1,68,20.27329700001701,8,0,8
1024,1,69,20.140074000011055,8,0,8
1024,1,70,20.261820000001762,8,0,8
1024,1,71,20.26207000000113,8,0,8
1024,1,72,20.24290800000017,8,0,8
1024,1,73,20.330944000022555,8,0,8
1024,1,74,20.231469000009383,8,0,8
1024,1,75,20.333682999989833,8,0,8
1024,1,76,20.171463999986372,8,0,8
1024,1,77,20.28251699999828,8,0,8
1024,1,78,20.26455499998292,8,0,8
1024,1,79,20.273175999989235,8,0,8
1024,1,80,20.315465000010136,8,0,8
1024,1,81,20.226549000000205,8,0,8
1024,1,82,20.335867000000007,8,0,8
1024,1,83,20.341674999997394,8,0,8
1024,1,84,20.183509999981197,8,0,8
1024,1,85,20.215323000002172,8,0,8
1024,1,86,20.260890999992398,8,0,8
1024,1,87,20.21374099999207,8,0,8
1024,1,88,20.315495999994937,8,0,8
1024,1,89,20.28555999999071,8,0,8
1024,1,90,20.315581000005523,8,0,8
1024,1,91,20.271464000018113,8,0,8
1024,1,92,20.26650900000959,8,0,8
1024,1,93,20.32461500002114,8,0,8
1024,1,94,20.261062000002994,8,0,8
1024,1,95,21.222812000019076,8,0,8
1024,1,96,20.67829599999982,8,0,8
1024,1,97,20.338047000024062,8,0,8
1024,1,98,20.333071999999675,8,0,8
1024,1,99,20.387891000012814,8,0,0
1024,2,0,19.452580999995916,128,0,8
1024,2,1,20.17185700000823,8,0,8
1024,2,2,20.195422000000463,8,0,8
1024,2,3,20.062518999992562,8,0,8
1024,2,4,20.382524000012836,8,0,8
1024,2,5,20.068062000007103,8,0,8
1024,2,6,20.13682399999084,8,0,8
1024,2,7,20.998965000018188,8,0,8
1024,2,8,21.345035999985384,8,0,8
1024,2,9,20.516602000014927,8,0,8
1024,2,10,29.33839799999305,1024,0,9
1024,2,11,29.97962200001325,1024,0,9
1024,2,12,22.64520400001402,24,0,8
1024,2,13,20.146459000017103,8,0,8
1024,2,14,20.099401000010175,8,0,8
1024,2,15,20.107645000024377,8,0,8
1024,2,16,20.25048899997728,8,0,8
1024,2,17,20.49312599999098,8,0,8
1024,2,18,20.166620999987117,8,0,8
1024,2,19,20.333298999986482,8,0,8
1024,2,20,20.196609000009857,8,0,8
1024,2,21,20.202474000001303,8,0,8
1024,2,22,20.17470699999535,8,0,8
1024,2,23,20.285631999996667,8,0,8
1024,2,24,21.16754500002571,8,0,8
1024,2,25,20.091514000000643,8,0,8
1024,2,26,20.163386999996646,8,0,8
1024,2,27,20.102484000005916,8,0,8
1024,2,28,20.112804000007145,8,0,8
1024,2,29,20.15407199999686,8,0,8
1024,2,30,20.221955000010894,8,0,8
1024,2,31,20.247425999997404,8,0,8
1024,2,32,20.128125000013597,8,0,8
1024,2,33,20.12051200000542,8,0,8
1024,2,34,20.309683000022005,8,0,8
1024,2,35,20.12192000000823,8,0,8
1024,2,36,20.275985999973045,8,0,8
1024,2,37,20.25483799999961,8,0,8
1024,2,38,20.200073000012253,8,0,8
1024,2,39,20.14689599999997,8,0,8
1024,2,40,20.26296399998273,8,0,8
1024,2,41,20.225866999993514,8,0,8
1024,2,42,20.39698400000134,8,0,8
1024,2,43,20.204121000006126,8,0,8
1024,2,44,20.220809000022655,8,0,8
1024,2,45,20.23585000000594,8,0,8
1024,2,46,20.269751000000724,8,0,8
1024,2,47,20.16881200000853,8,0,8
1024,2,48,20.222723999978598,8,0,8
1024,2,49,20.154834999999593,8,0,8
1024,2,50,20.178888999993205,8,0,8
1024,2,51,20.256334999999126,8,0,8
1024,2,52,20.297762999973656,8,0,8
1024,2,53,20.101488999983985,8,0,8
1024,2,54,20.277311000000964,8,0,8
1024,2,55,20.32460399999536,8,0,8
1024,2,56,20.08708599998954,8,0,8
1024,2,57,20.18196699998498,8,0,8
1024,2,58,20.24496900000372,8,0,8
1024,2,59,20.200665000004392,8,0,8
1024,2,60,20.142001000010623,8,0,8
1024,2,61,20.222832000001745,8,0,8
1024,2,62,20.235506999995323,8,0,8
1024,2,63,20.05526199999963,8,0,8
1024,2,64,20.130060000013827,8,0,8
1024,2,65,20.217203000015616,8,0,8
1024,2,66,20.323983999986694,8,0,8
1024,2,67,20.272514999987834,8,0,8
1024,2,68,20.235747999976184,8,0,8
1024,2,69,20.258853999990833,8,0,8
1024,2,70,20.342110999990837,8,0,8
1024,2,71,20.306161000007705,8,0,8
1024,2,72,20.333315000016228,8,0,8
1024,2,73,20.246079999992617,8,0,8
1024,2,74,20.21393999999077,8,0,8
1024,2,75,20.317493999982617,8,0,8
1024,2,76,20.261186999988468,8,0,8
1024,2,77,20.34708900001192,8,0,8
1024,2,78,20.41726500002028,8,0,8
1024,2,79,20.273785000000544,8,0,8
1024,2,80,20.371616999995013,8,0,8
1024,2,81,20.317750000003798,8,0,8
1024,2,82,20.26973300002055,8,0,8
1024,2,83,20.268639000022404,8,0,8
1024,2,84,20.211436000010963,8,0,8
1024,2,85,20.34429500000101,8,0,8
1024,2,86,20.423319999991918,8,0,8
1024,2,87,20.332254999999577,8,0,8
1024,2,88,20.21937399999274,8,0,8
1024,2,89,20.313465999976188,8,0,8
1024,2,90,20.30907699997897,8,0,8
1024,2,91,20.268681000004563,8,0,8
1024,2,92,20.426610999976447,8,0,8
1024,2,93,20.255464000001666,8,0,8
1024,2,94,20.201053000022284,8,0,8
1024,2,95,20.34381500001814,8,0,8
1024,2,96,20.361633000021584,8,0,8
1024,2,97,20.374930999992102,8,0,8
1024,2,98,20.344019000020808,8,0,8
1024,2,99,20.352155000011862,8,0,0
1024,3,0,19.484167999991087,128,0,8
1024,3,1,20.23559200000591,8,0,8
1024,3,2,20.17115800001079,8,0,8
1024,3,3,20.070173000021896,8,0,8
1024,3,4,20.049440999997614,8,0,8
1024,3,5,20.179963999993333,8,0,8
1024,3,6,20.08851299999037,8,0,8
1024,3,7,20.06717699998717,8,0,8
1024,3,8,20.07093599999621,8,0,8
1024,3,9,20.030710999975554,8,0,8
1024,3,10,28.822405999989087,1024,0,9
1024,3,11,29.56379099998685,1024,0,9
1024,3,12,22.821867999994083,24,0,8
1024,3,13,20.42704499999104,8,0,8
1024,3,14,20.577139000010902,8,0,8
1024,3,15,20.526828000015485,8,0,8
1024,3,16,20.1436319999857,8,0,8
1024,3,17,20.249075999998922,8,0,8
1024,3,18,20.108324999995375,8,0,8
1024,3,19,20.254201000000194,8,0,8
1024,3,20,20.136548000010634,8,0,8
1024,3,21,20.179957999999942,8,0,8
1024,3,22,20.183604999999716,8,0,8
1024,3,23,20.153102999984185,8,0,8
1024,3,24,20.273941999988665,8,0,8
1024,3,25,20.157738000023073,8,0,8
1024,3,26,20.046497999999247,8,0,8
1024,3,27,20.160096000012118,8,0,8
1024,3,28,20.206684000015684,8,0,8
1024,3,29,20.269808000023204,8,0,8
1024,3,30,20.22555700000339,8,0,8
1024,3,31,20.159119999988206,8,0,8
1024,3,32,20.444897999993827,8,0,8
1024,3,33,20.102708999985452,8,0,8
1024,3,34,20.24911399999496,8,0,8
1024,3,35,20.22648100000879,8,0,8
1024,3,36,20.129809000025034,8,0,8
1024,3,37,20.25225399998476,8,0,8
1024,3,38,20.160359000016115,8,0,8
1024,3,39,20.208356000011918,8,0,8
1024,3,40,20.215401999990945,8,0,8
1024,3,41,20.169779000013932,8,0,8
1024,3,42,20.375837000017327,8,0,8
1024,3,43,20.225586999998768,8,0,8
1024,3,44,20.233338999986472,8,0,8
1024,3,45,20.275628000007373,8,0,8
1024,3,46,21.589524000006577,8,0,8
1024,3,47,20.74743899999021,8,0,8
1024,3,48,20.261686999987205,8,0,8
1024,3,49,20.18204500001275,8,0,8
1024,3,50,20.219579000013255,8,0,8
1024,3,51,20.25129300000117,8,0,8
1024,3,52,20.1886140000056,8,0,8
1024,3,53,20.96767099999397,8,0,8
1024,3,54,20.214369999990822,8,0,8
1024,3,55,20.18649799998684,8,0,8
1024,3,56,20.163531999997986,8,0,8
1024,3,57,20.201178999997182,8,0,8
1024,3,58,20.475121999993462,8,0,8
1024,3,59,20.188666999985116,8,0,8
1024,3,60,20.49744499998951,8,0,8
1024,3,61,20.77954199998544,8,0,8
1024,3,62,21.0562960000118,8,0,8
1024,3,63,20.829727999995384,8,0,8
1024,3,64,20.71814999999333,8,0,8
1024,3,65,20.28583099999537,8,0,8
1024,3,66,20.372845999986566,8,0,8
1024,3,67,20.105524999991076,8,0,8
1024,3,68,20.12686699998767,8,0,8
1024,3,69,20.159290000009378,8,0,8
1024,3,70,20.259982999988324,8,0,8
1024,3,71,20.279383999991296,8,0,8
1024,3,72,20.269359999986136,8,0,8
1024,3,73,20.284349999997175,8,0,8
1024,3,74,20.217197999983227,8,0,8
1024,3,75,20.261511000001065,8,0,8
1024,3,76,20.20311699999411,8,0,8
1024,3,77,20.183296999988443,8,0,8
1024,3,78,20.298687000007476,8,0,8
1024,3,79,20.233939000007695,8,0,8
1024,3,80,20.178899000001138,8,0,8
1024,3,81,20.276623000000882,8,0,8
1024,3,82,20.24776900000802,8,0,8
1024,3,83,20.306652000016356,8,0,8
1024,3,84,20.214214000020547,8,0,8
1024,3,85,20.34638999998606,8,0,8
1024,3,86,20.319070999988753,8,0,8
1024,3,87,20.320983000004844,8,0,8
1024,3,88,21.16429000000153,8,0,8
1024,3,89,20.818944000012607,8,0,8
1024,3,90,20.658612000005405,8,0,8
1024,3,91,20.230045999994672,8,0,8
1024,3,92,20.28141700000674,8,0,8
1024,3,93,20.612330999995265,8,0,8
1024,3,94,20.28011400000196,8,0,8
1024,3,95,20.376292999998213,8,0,8
1024,3,96,20.232449000019415,8,0,8
1024,3,97,20.270568999990246,8,0,8
1024,3,98,20.241854999994757,8,0,8
1024,3,99,20.26366499998744,8,0,0
1024,4,0,19.37462999998729,128,0,8
1024,4,1,20.152410999997983,8,0,8
1024,4,2,20.203803999976344,8,0,8
1024,4,3,20.118050999997195,8,0,8
1024,4,4,20.288883999995733,8,0,8
1024,4,5,20.100436000006994,8,0,8
1024,4,6,21.483430999978737,8,0,8
1024,4,7,20.08271900001546,8,0,8
1024,4,8,20.007067999983974,8,0,8
1024,4,9,19.974462999982734,8,0,8
1024,4,10,28.744136999989678,1024,0,9
1024,4,11,29.53763799999365,1024,0,9
1024,4,12,22.666146999995362,24,0,8
1024,4,13,20.11011400000484,8,0,8
1024,4,14,20.125106000023152,8,0,8
1024,4,15,20.09899699999096,8,0,8
1024,4,16,20.145834999993895,8,0,8
1024,4,17,20.18918100000633,8,0,8
1024,4,18,20.197565999978906,8,0,8
1024,4,19,21.233993999999257,8,0,8
1024,4,20,20.115427999996882,8,0,8
1024,4,21,20.07451200000787,8,0,8
1024,4,22,20.17610299998296,8,0,8
1024,4,23,20.05319300002384,8,0,8
1024,4,24,20.237168999983624,8,0,8
1024,4,25,20.085193999989315,8,0,8
1024,4,26,20.198753999977725,8,0,8
1024,4,27,20.126873000009482,8,0,8
1024,4,28,20.02259799999706,8,0,8
1024,4,29,20.27999399999203,8,0,8
1024,4,30,20.217513000005738,8,0,8
1024,4,31,20.10050599997726,8,0,8
1024,4,32,20.184506999981977,8,0,8
1024,4,33,20.12429600000587,8,0,8
1024,4,34,20.294521000010945,8,0,8
1024,4,35,20.186359000007315,8,0,8
1024,4,36,20.528909999995903,8,0,8
1024,4,37,20.544814000004408,8,0,8
1024,4,38,20.276459000001523,8,0,8
1024,4,39,20.276669999987007,8,0,8
1024,4,40,20.372299000001703,8,0,8
1024,4,41,20.236565999994127,8,0,8
1024,4,42,20.301815999999917,8,0,8
1024,4,43,20.179291999994575,8,0,8
1024,4,44,20.187203999995518,8,0,8
1024,4,45,20.216758000003665,8,0,8
1024,4,46,20.20536199998446,8,0,8
1024,4,47,20.14377499997977,8,0,8
1024,4,48,20.19745000001194,8,0,8
1024,4,49,20.27185500000428,8,0,8
1024,4,50,20.63905599999316,8,0,8
1024,4,51,20.392025000006697,8,0,8
1024,4,52,20.240353999980698,8,0,8
1024,4,53,20.1957539999853,8,0,8
1024,4,54,20.226992000004884,8,0,8
1024,4,55,20.14443600000959,8,0,8
1024,4,56,20.282210999994277,8,0,8
1024,4,57,20.23183299999687,8,0,8
1024,4,58,20.261980999976004,8,0,8
1024,4,59,20.157454000013786,8,0,8
1024,4,60,20.1634009999907,8,0,8
1024,4,61,20.265851000004886,8,0,8
1024,4,62,20.294754000019566,8,0,8
1024,4,63,20.25724099999593,8,0,8
1024,4,64,20.18043499998612,8,0,8
1024,4,65,20.186093000006622,8,0,8
1024,4,66,20.299436000016158,8,0,8
1024,4,67,20.26579400001083,8,0,8
1024,4,68,20.287745999979734,8,0,8
1024,4,69,20.30985200002533,8,0,8
1024,4,70,20.29589300002499,8,0,8
1024,4,71,20.474717000013243,8,0,8
1024,4,72,20.216922000003024,8,0,8
1024,4,73,20.303222999984882,8,0,8
1024,4,74,20.27521499999807,8,0,8
1024,4,75,20.304597000006197,8,0,8
1024,4,76,20.353568999979643,8,0,8
1024,4,77,20.402898000014602,8,0,8
1024,4,78,20.363766999992094,8,0,8
1024,4,79,21.112344999977495,8,0,8
1024,4,80,20.784560999999258,8,0,8
1024,4,81,20.32912300001044,8,0,8
1024,4,82,20.329373999999234,8,0,8
1024,4,83,20.328290999998444,8,0,8
1024,4,84,20.30332199998952,8,0,8
1024,4,85,20.33177600000613,8,0,8
1024,4,86,20.350307000001067,8,0,8
1024,4,87,21.421708999980638,8,0,8
1024,4,88,21.110615999987203,8,0,8
1024,4,89,20.354271999991624,8,0,8
1024,4,90,20.358997000016643,8,0,8
1024,4,91,20.24455400001557,8,0,8
1024,4,92,20.315498999991632,8,0,8
1024,4,93,20.23361900000964,8,0,8
1024,4,94,20.307612999999947,8,0,8
1024,4,95,20.343559999986383,8,0,8
1024,4,96,20.23931700000503,8,0,8
1024,4,97,20.36172400002556,8,0,8
1024,4,98,20.32378600000584,8,0,8
1024,4,99,20.33413700002029,8,0,0
1024,5,0,19.35065399999303,128,0,8
1024,5,1,20.303797999986273,8,0,8
1024,5,2,20.06739499998389,8,0,8
1024,5,3,20.284754999977395,8,0,8
1024,5,4,20.005847000021504,8,0,8
1024,5,5,20.160908999997673,8,0,8
1024,5,6,20.082662999982404,8,0,8
1024,5,7,20.11863100000255,8,0,8
1024,5,8,20.01985900000136,8,0,8
1024,5,9,20.103809000005413,8,0,8
1024,5,10,28.876119000017297,1024,0,9
1024,5,11,29.55403400000023,1024,0,9
1024,5,12,22.548526999997875,24,0,8
1024,5,13,20.46548500001677,8,0,8
1024,5,14,20.307152000015094,8,0,8
1024,5,15,20.31701499998917,8,0,8
1024,5,16,20.171693999998297,8,0,8
1024,5,17,20.11911200000327,8,0,8
1024,5,18,20.050377000018216,8,0,8
1024,5,19,20.29806699999881,8,0,8
1024,5,20,20.342523000010715,8,0,8
1024,5,21,20.14925299999959,8,0,8
1024,5,22,20.145575999976018,8,0,8
1024,5,23,20.478712999988602,8,0,8
1024,5,24,20.146771000014496,8,0,8
1024,5,25,20.150908000005074,8,0,8
1024,5,26,20.09245900001133,8,0,8
1024,5,27,20.142972000002146,8,0,8
1024,5,28,20.08547200000521,8,0,8
1024,5,29,20.17142899998703,8,0,8
1024,5,30,20.16070400000558,8,0,8
1024,5,31,20.19659799998408,8,0,8
1024,5,32,20.16002799999228,8,0,8
1024,5,33,20.15397299999222,8,0,8
1024,5,34,20.5450189999965,8,0,8
1024,5,35,20.356524000021636,8,0,8
1024,5,36,20.536600000014005,8,0,8
1024,5,37,20.31378300000597,8,0,8
1024,5,38,20.484298000013723,8,0,8
1024,5,39,20.360672999998997,8,0,8
1024,5,40,20.19492299999115,8,0,8
1024,5,41,20.262521999995897,8,0,8
1024,5,42,20.302092000008543,8,0,8
1024,5,43,20.247970000013993,8,0,8
1024,5,44,20.21248600001968,8,0,8
1024,5,45,20.23422100000971,8,0,8
1024,5,46,20.198249999992868,8,0,8
1024,5,47,20.177197999998953,8,0,8
1024,5,48,20.525799000012057,8,0,8
1024,5,49,20.2483500000028,8,0,8
1024,5,50,20.191842999992105,8,0,8
1024,5,51,20.130047999998624,8,0,8
1024,5,52,20.147383999983504,8,0,8
1024,5,53,20.302759000003334,8,0,8
1024,5,54,20.173542999998517,8,0,8
1024,5,55,20.197653999986187,8,0,8
1024,5,56,20.245016000018268,8,0,8
1024,5,57,20.263599000003296,8,0,8
1024,5,58,20.264522999980272,8,0,8
1024,5,59,20.231259000013324,8,0,8
1024,5,60,20.145554000009724,8,0,8
1024,5,61,20.251349999995227,8,0,8
1024,5,62,20.226205000000164,8,0,8
1024,5,63,20.243620999991663,8,0,8
1024,5,64,20.2291040000091,8,0,8
1024,5,65,20.25597100001164,8,0,8
1024,5,66,20.23320300000364,8,0,8
1024,5,67,20.21644799998512,8,0,8
1024,5,68,20.309583999988945,8,0,8
1024,5,69,20.223375999989912,8,0,8
1024,5,70,21.98486499997898,8,0,8
1024,5,71,20.249841999998353,8,0,8
1024,5,72,20.393887000011546,8,0,8
1024,5,73,20.320168000012018,8,0,8
1024,5,74,20.22950699998205,8,0,8
1024,5,75,20.252354000007244,8,0,8
1024,5,76,20.30291300002318,8,0,8
1024,5,77,20.254351999994924,8,0,8
1024,5,78,20.220725000001494,8,0,8
1024,5,79,20.269863999999416,8,0,8
1024,5,80,20.27407299999595,8,0,8
1024,5,81,20.1681530000144,8,0,8
1024,5,82,20.199628999989727,8,0,8
1024,5,83,20.380066000001307,8,0,8
1024,5,84,20.56060500001422,8,0,8
1024,5,85,20.29229100000407,8,0,8
1024,5,86,20.2681039999959,8,0,8
1024,5,87,20.358211999990772,8,0,8
1024,5,88,20.320540000000165,8,0,8
1024,5,89,20.447141999994756,8,0,8
1024,5,90,20.24394100001814,8,0,8
1024,5,91,20.29683499998214,8,0,8
1024,5,92,20.335167000013143,8,0,8
1024,5,93,20.266053000000284,8,0,8
1024,5,94,20.287503999981027,8,0,8
1024,5,95,20.25182400001313,8,0,8
1024,5,96,22.00006300000723,8,0,8
1024,5,97,21.99231000000168,8,0,8
1024,5,98,21.333217999995213,8,0,8
1024,5,99,21.421306999997114,8,0,0
2048,0,0,19.71604800002069,128,0,8
2048,0,1,21.80099099999211,8,0,8
2048,0,2,20.107524000025023,8,0,8
2048,0,3,20.08265099999562,8,0,8
2048,0,4,20.049056999994264,8,0,8
2048,0,5,20.107482000014443,8,0,8
2048,0,6,20.030892999983507,8,0,8
2048,0,7,20.02423299998668,8,0,8
2048,0,8,19.98169000000871,8,0,8
2048,0,9,20.00180300001375,8,0,8
2048,0,10,39.41351600002463,2048,0,9
2048,0,11,22.61995499998193,16,0,8
2048,0,12,20.10649799998987,8,0,8
2048,0,13,21.265503999984503,8,0,8
2048,0,14,20.436075000020537,8,0,8
2048,0,15,20.076170999999476,8,0,8
2048,0,16,20.42116399999827,8,0,8
2048,0,17,20.167943999979343,8,0,8
2048,0,18,20.13050399997951,8,0,8
2048,0,19,20.08162499998889,8,0,8
2048,0,20,19.99634000000583,8,0,8
2048,0,21,20.20280599998614,8,0,8
2048,0,22,20.296524999992016,8,0,8
2048,0,23,20.10359100000869,8,0,8
2048,0,24,20.19604200000913,8,0,8
2048,0,25,20.095596000004434,8,0,8
2048,0,26,20.188090000004877,8,0,8
2048,0,27,20.11836700000913,8,0,8
2048,0,28,20.19245699997896,8,0,8
2048,0,29,20.11280700000384,8,0,8
2048,0,30,20.077436999997644,8,0,8
2048,0,31,20.106953999999178,8,0,8
2048,0,32,20.13887000001091,8,0,8
2048,0,33,20.062091999989207,8,0,8
2048,0,34,20.096163000005163,8,0,8
2048,0,35,20.416494999977886,8,0,8
2048,0,36,20.141131000002588,8,0,8
2048,0,37,20.170108000002074,8,0,8
2048,0,38,20.049836999987747,8,0,8
2048,0,39,19.99799999998686,8,0,8
2048,0,40,20.063361000012492,8,0,8
2048,0,41,20.20613300001628,8,0,8
2048,0,42,20.185693999991372,8,0,8
2048,0,43,20.04279500002326,8,0,8
2048,0,44,20.680218999984845,8,0,8
2048,0,45,20.570943000024045,8,0,8
2048,0,46,20.229920000019774,8,0,8
2048,0,47,20.186638000012636,8,0,8
2048,0,48,20.2194120000172,8,0,8
2048,0,49,20.188196999981756,8,0,8
2048,0,50,20.211888999995153,8,0,8
2048,0,51,20.227225999974507,8,0,8
2048,0,52,20.07346900001039,8,0,8
2048,0,53,20.14671499998144,8,0,8
2048,0,54,20.110324999990326,8,0,8
2048,0,55,20.205007000015485,8,0,8
2048,0,56,20.19186900000136,8,0,8
2048,0,57,20.39154400000598,8,0,8
2048,0,58,20.388454999988426,8,0,8
2048,0,59,20.198098999998138,8,0,8
2048,0,60,20.123122000001104,8,0,8
2048,0,61,20.175355000020545,8,0,8
2048,0,62,20.114105000004656,8,0,8
2048,0,63,20.293839000004255,8,0,8
2048,0,64,20.076205000009395,8,0,8
2048,0,65,20.29889800002138,8,0,8
2048,0,66,20.279899999991358,8,0,8
2048,0,67,20.18164200001138,8,0,8
2048,0,68,20.14868399999159,8,0,8
2048,0,69,20.254447999974445,8,0,8
2048,0,70,20.18037600001321,8,0,8
2048,0,71,20.301710000012463,8,0,8
2048,0,72,20.222517000007656,8,0,8
2048,0,73,20.303978000015377,8,0,8
2048,0,74,20.238022999990335,8,0,8
2048,0,75,20.252403999990065,8,0,8
2048,0,76,20.30394400000546,8,0,8
2048,0,77,20.25679799999125,8,0,8
2048,0,78,20.202650000015865,8,0,8
2048,0,79,20.299710000017512,8,0,8
2048,0,80,20.239975000009736,8,0,8
2048,0,81,20.186297999998715,8,0,8
2048,0,82,20.25094900000113,8,0,8
2048,0,83,20.287784000004194,8,0,8
2048,0,84,20.28275200001417,8,0,8
2048,0,85,20.333759999999756,8,0,8
2048,0,86,20.19617599998469,8,0,8
2048,0,87,20.231800000004796,8,0,8
2048,0,88,20.340435999997908,8,0,8
2048,0,89,20.138670999983788,8,0,8
2048,0,90,20.448899999991,8,0,8
2048,0,91,20.222318000008954,8,0,8
2048,0,92,20.233273000002328,8,0,8
2048,0,93,20.197741000004044,8,0,8
2048,0,94,20.173840000012433,8,0,8
2048,0,95,20.30523199999834,8,0,8
2048,0,96,20.13576199999534,8,0,8
2048,0,97,20.18997799999056,8,0,8
2048,0,98,20.20566699999904,8,0,8
2048,0,99,20.162921000007827,8,0,0
2048,1,0,19.342777999980854,128,0,8
2048,1,1,20.15335600000867,8,0,8
2048,1,2,20.067600000004404,8,0,8
2048,1,3,20.1806149999868,8,0,8
2048,1,4,20.1119700000163,8,0,8
2048,1,5,20.18386000000305,8,0,8
2048,1,6,20.215871999994306,8,0,8
2048,1,7,20.07450199999994,8,0,8
2048,1,8,20.085631000000603,8,0,8
2048,1,9,20.192968000003475,8,0,8
2048,1,10,39.64644999999223,2048,0,9
2048,1,11,22.51259199999822,16,0,8
2048,1,12,20.13102899999808,8,0,8
2048,1,13,20.1541220000081,8,0,8
2048,1,14,20.243362999991632,8,0,8
2048,1,15,20.176790000022038,8,0,8
2048,1,16,20.19235999998159,8,0,8
2048,1,17,20.10124899999255,8,0,8
2048,1,18,20.374791999984154,8,0,8
2048,1,19,20.2533199999948,8,0,8
2048,1,20,20.276835999993637,8,0,8
2048,1,21,20.173190999997814,8,0,8
2048,1,22,20.258132000009255,8,0,8
2048,1,23,20.20342100001926,8,0,8
2048,1,24,20.229970000002595,8,0,8
2048,1,25,20.110993999992388,8,0,8
2048,1,26,20.145210999999108,8,0,8
2048,1,27,20.174923000013223,8,0,8
2048,1,28,20.973042999997915,8,0,8
2048,1,29,20.8788080000204,8,0,8
2048,1,30,20.87420099999804,8,0,8
2048,1,31,20.795077000002493,8,0,8
2048,1,32,20.16280500001244,8,0,8
2048,1,33,20.184954999990623,8,0,8
2048,1,34,20.289122999997744,8,0,8
2048,1,35,20.257595000003903,8,0,8
2048,1,36,20.21275900000319,8,0,8
2048,1,37,20.139116999985163,8,0,8
2048,1,38,20.12601900000277,8,0,8
2048,1,39,20.340335999975423,8,0,8
2048,1,40,20.25968000000944,8,0,8
2048,1,41,20.234611999995877,8,0,8
2048,1,42,20.224412999994,8,0,8
2048,1,43,20.24645499997746,8,0,8
2048,1,44,20.266326000012214,8,0,8
2048,1,45,20.23951399999646,8,0,8
2048,1,46,20.285620000009885,8,0,8
2048,1,47,20.207260999995924,8,0,8
2048,1,48,20.199027000018077,8,0,8
2048,1,49,20.246882000009236,8,0,8
2048,1,50,20.25628600000573,8,0,8
2048,1,51,20.193770000020095,8,0,8
2048,1,52,20.240523000012445,8,0,8
2048,1,53,20.232305999996925,8,0,8
2048,1,54,20.28277299999104,8,0,8
2048,1,55,20.346213000010493,8,0,8
2048,1,56,20.57397400000127,8,0,8
2048,1,57,20.359538000008115,8,0,8
2048,1,58,20.24866100001077,8,0,8
2048,1,59,20.188563000004933,8,0,8
2048,1,60,20.23968599999648,8,0,8
2048,1,61,20.180723999999373,8,0,8
2048,1,62,20.248503999994227,8,0,8
2048,1,63,20.46070400001554,8,0,8
2048,1,64,20.28451499998596,8,0,8
2048,1,65,20.236353000001372,8,0,8
2048,1,66,21.98400300000003,8,0,8
2048,1,67,20.912234000007857,8,0,8
2048,1,68,20.84780199999159,8,0,8
2048,1,69,20.427423999990424,8,0,8
2048,1,70,20.29258899997899,8,0,8
2048,1,71,20.356956000000537,8,0,8
2048,1,72,21.790498000001435,8,0,8
2048,1,73,20.994921000010436,8,0,8
2048,1,74,20.565912999984448,8,0,8
2048,1,75,20.430935000007366,8,0,8
2048,1,76,20.37095000000022,8,0,8
2048,1,77,20.393506999994315,8,0,8
2048,1,78,20.39214199999151,8,0,8
2048,1,79,20.427213999994365,8,0,8
2048,1,80,20.320889000004172,8,0,8
2048,1,81,20.272066000018185,8,0,8
2048,1,82,20.30886500000406,8,0,8
2048,1,83,20.43507100000852,8,0,8
2048,1,84,20.365851000008206,8,0,8
2048,1,85,20.369584999997414,8,0,8
2048,1,86,20.28512999999066,8,0,8
2048,1,87,20.330242,8,0,8
2048,1,88,20.31628899999305,8,0,8
2048,1,89,20.319932000006702,8,0,8
2048,1,90,20.28569199998742,8,0,8
2048,1,91,20.248804999994263,8,0,8
2048,1,92,20.369064000021808,8,0,8
2048,1,93,20.330572000005986,8,0,8
2048,1,94,20.374037999999928,8,0,8
2048,1,95,20.62914999999066,8,0,8
2048,1,96,21.19573400000263,8,0,8
2048,1,97,20.4307009999809,8,0,8
2048,1,98,20.477412999980515,8,0,8
2048,1,99,20.441137000005938,8,0,0
2048,2,0,19.38632300002041,128,0,8
2048,2,1,20.155998000007003,8,0,8
2048,2,2,20.179125999987946,8,0,8
2048,2,3,20.100419999977248,8,0,8
2048,2,4,20.156560000003765,8,0,8
2048,2,5,20.09434800001486,8,0,8
2048,2,6,20.086375999994743,8,0,8
2048,2,7,20.203369999990173,8,0,8
2048,2,8,20.11295399998403,8,0,8
2048,2,9,21.145868999980166,8,0,8
2048,2,10,39.64727700000026,2048,0,9
2048,2,11,22.61912599999505,16,0,8
2048,2,12,20.148125000019945,8,0,8
2048,2,13,20.034957000007125,8,0,8
2048,2,14,20.11336300000721,8,0,8
2048,2,15,20.235357999979442,8,0,8
2048,2,16,20.224662000003946,8,0,8
2048,2,17,20.136127999990094,8,0,8
2048,2,18,20.171901999987085,8,0,8
2048,2,19,20.150872000016307,8,0,8
2048,2,20,20.200612000024876,8,0,8
2048,2,21,20.226907999983723,8,0,8
2048,2,22,20.223984000011797,8,0,8
2048,2,23,20.11541400000283,8,0,8
2048,2,24,20.1493080000148,8,0,8
2048,2,25,20.20590800000832,8,0,8
2048,2,26,20.171926000017493,8,0,8
2048,2,27,20.132139999986975,8,0,8
2048,2,28,20.212900000018408,8,0,8
2048,2,29,20.12766199999305,8,0,8
2048,2,30,20.17589100000805,8,0,8
2048,2,31,20.16695599999707,8,0,8
2048,2,32,20.087095999997473,8,0,8
2048,2,33,20.07933699999853,8,0,8
2048,2,34,20.116250000000946,8,0,8
2048,2,35,20.150029000006953,8,0,8
2048,2,36,20.180739000011272,8,0,8
2048,2,37,20.177359000001616,8,0,8
2048,2,38,20.125884000009364,8,0,8
2048,2,39,21.194422999997187,8,0,8
2048,2,40,20.37385899998867,8,0,8
2048,2,41,20.29486900002553,8,0,8
2048,2,42,20.32678500000884,8,0,8
2048,2,43,20.095840000010412,8,0,8
2048,2,44,20.169443999975556,8,0,8
2048,2,45,20.412590999995928,8,0,8
2048,2,46,20.362613999992618,8,0,8
2048,2,47,20.140381999993906,8,0,8
2048,2,48,20.12113500001078,8,0,8
2048,2,49,20.227598000019498,8,0,8
2048,2,50,20.212587000003168,8,0,8
2048,2,51,20.317032999997764,8,0,8
2048,2,52,20.20677300001239,8,0,8
2048,2,53,20.1517840000065,8,0,8
2048,2,54,20.176641000006157,8,0,8
2048,2,55,20.164260999990802,8,0,8
2048,2,56,20.27901200000315,8,0,8
2048,2,57,20.20609299998455,8,0,8
2048,2,58,20.217277000000422,8,0,8
2048,2,59,20.239678999985244,8,0,8
2048,2,60,20.242280999980267,8,0,8
2048,2,61,20.323911000019734,8,0,8
2048,2,62,20.25355699998954,8,0,8
2048,2,63,20.461484000009023,8,0,8
2048,2,64,20.20111199999519,8,0,8
2048,2,65,20.227280999989716,8,0,8
2048,2,66,20.36651099999176,8,0,8
2048,2,67,20.14436300001421,8,0,8
2048,2,68,20.24794499999416,8,0,8
2048,2,69,20.199190999989014,8,0,8
2048,2,70,20.26766099999122,8,0,8
2048,2,71,20.280931000002056,8,0,8
2048,2,72,20.233912000009013,8,0,8
2048,2,73,20.18996600000378,8,0,8
2048,2,74,20.196470999991334,8,0,8
2048,2,75,20.331072000004724,8,0,8
2048,2,76,20.271441000005552,8,0,8
2048,2,77,20.146439000001237,8,0,8
2048,2,78,20.23086500000204,8,0,8
2048,2,79,20.347377000007327,8,0,8
2048,2,80,20.234505000019,8,0,8
2048,2,81,20.32780700000103,8,0,8
2048,2,82,20.417650000013055,8,0,8
2048,2,83,20.16847599998073,8,0,8
2048,2,84,20.12676399999691,8,0,8
2048,2,85,20.34965800001487,8,0,8
2048,2,86,20.292711999985613,8,0,8
2048,2,87,20.226880999985042,8,0,8
2048,2,88,20.285080999997263,8,0,8
2048,2,89,20.22934800001508,8,0,8
2048,2,90,20.290902999988703,8,0,8
2048,2,91,20.30269499999804,8,0,8
2048,2,92,20.264414000024544,8,0,8
2048,2,93,20.30269100001192,8,0,8
2048,2,94,20.283825999996452,8,0,8
2048,2,95,20.33969699999716,8,0,8
2048,2,96,20.32211299999176,8,0,8
2048,2,97,20.236820999997462,8,0,8
2048,2,98,20.268512000001238,8,0,8
2048,2,99,20.32052600000611,8,0,0
2048,3,0,19.454613000021936,128,0,8
2048,3,1,20.155488000000332,8,0,8
2048,3,2,20.01534699999752,8,0,8
2048,3,3,20.06787000001964,8,0,8
2048,3,4,20.121348000003536,8,0,8
2048,3,5,20.225613000008025,8,0,8
2048,3,6,20.100663999983226,8,0,8
2048,3,7,20.060616999984404,8,0,8
2048,3,8,20.099702999999636,8,0,8
2048,3,9,20.05863499999805,8,0,8
2048,3,10,39.57642899999314,2048,0,9
2048,3,11,22.586667000012994,16,0,8
2048,3,12,20.11839400000781,8,0,8
2048,3,13,20.117085999999063,8,0,8
2048,3,14,20.128940000006423,8,0,8
2048,3,15,20.13330200000496,8,0,8
2048,3,16,20.170761000002813,8,0,8
2048,3,17,20.1804159999881,8,0,8
2048,3,18,20.12947599999393,8,0,8
2048,3,19,20.302931000003355,8,0,8
2048,3,20,20.207800000008547,8,0,8
2048,3,21,20.234331000011707,8,0,8
2048,3,22,20.22030000000541,8,0,8
2048,3,23,20.142893000013373,8,0,8
2048,3,24,20.134224000003087,8,0,8
2048,3,25,20.188566999991053,8,0,8
2048,3,26,20.13477899998861,8,0,8
2048,3,27,20.183264999985795,8,0,8
2048,3,28,20.231547999998156,8,0,8
2048,3,29,20.197645999985525,8,0,8
2048,3,30,20.240895999990016,8,0,8
2048,3,31,20.088986999979852,8,0,8
2048,3,32,20.164805999996815,8,0,8
2048,3,33,20.203937000019323,8,0,8
2048,3,34,20.330110999992712,8,0,8
2048,3,35,20.180124000006572,8,0,8
2048,3,36,20.19739499999673,8,0,8
2048,3,37,20.93209000000229,8,0,8
2048,3,38,21.233026999993854,8,0,8
2048,3,39,21.516230000003134,8,0,8
2048,3,40,20.524689000012586,8,0,8
2048,3,41,20.29753200000073,8,0,8
2048,3,42,20.250554999989845,8,0,8
2048,3,43,20.208874999980253,8,0,8
2048,3,44,20.215149999984305,8,0,8
2048,3,45,20.160723999993024,8,0,8
2048,3,46,20.13362499999971,8,0,8
2048,3,47,20.079086999999163,8,0,8
2048,3,48,20.105051000001595,8,0,8
2048,3,49,20.28724099997703,8,0,8
2048,3,50,20.28103899999678,8,0,8
2048,3,51,20.177151000012827,8,0,8
2048,3,52,20.197024999987434,8,0,8
2048,3,53,20.24624300000255,8,0,8
2048,3,54,20.154727999994293,8,0,8
2048,3,55,20.208368999988124,8,0,8
2048,3,56,20.16633299999171,8,0,8
2048,3,57,20.17459399999666,8,0,8
2048,3,58,20.211162000009608,8,0,8
2048,3,59,20.27006500000539,8,0,8
2048,3,60,20.28079999999477,8,0,8
2048,3,61,20.190150000019003,8,0,8
2048,3,62,20.2084440000192,8,0,8
2048,3,63,20.21546000000285,8,0,8
2048,3,64,20.51737099998263,8,0,8
2048,3,65,20.286972000008063,8,0,8
2048,3,66,20.448630000004187,8,0,8
2048,3,67,20.290739000017766,8,0,8
2048,3,68,20.282866000002286,8,0,8
2048,3,69,20.279197999997223,8,0,8
2048,3,70,20.3090560000021,8,0,8
2048,3,71,20.250532000005705,8,0,8
2048,3,72,20.210466000008864,8,0,8
2048,3,73,20.308768000006694,8,0,8
2048,3,74,20.24893000000816,8,0,8
2048,3,75,20.387371999987636,8,0,8
2048,3,76,20.28248299998836,8,0,8
2048,3,77,20.27510600001392,8,0,8
2048,3,78,20.368586000017785,8,0,8
2048,3,79,20.258027999972228,8,0,8
2048,3,80,20.216116000000284,8,0,8
2048,3,81,20.2619989999846,8,0,8
2048,3,82,20.332721000016818,8,0,8
2048,3,83,20.36395899997956,8,0,8
2048,3,84,20.286264000020537,8,0,8
2048,3,85,20.282603999987714,8,0,8
2048,3,86,20.253359000008686,8,0,8
2048,3,87,20.282940000015515,8,0,8
2048,3,88,20.351808000015126,8,0,8
2048,3,89,20.3417330000093,8,0,8
2048,3,90,20.502730999993446,8,0,8
2048,3,91,22.349917000013875,8,0,8
2048,3,92,20.43333099999245,8,0,8
2048,3,93,20.408913000011353,8,0,8
2048,3,94,20.346735000003946,8,0,8
2048,3,95,20.281194999995478,8,0,8
2048,3,96,20.37278000000242,8,0,8
2048,3,97,20.3031499999895,8,0,8
2048,3,98,20.340155000013738,8,0,8
2048,3,99,20.297122999977546,8,0,0
2048,4,0,19.249282000004087,128,0,8
2048,4,1,20.13306300000295,8,0,8
2048,4,2,20.114191000004666,8,0,8
2048,4,3,20.182835000014165,8,0,8
2048,4,4,20.974055000010594,8,0,8
2048,4,5,20.377687000006972,8,0,8
2048,4,6,20.048772999984976,8,0,8
2048,4,7,20.1040930000147,8,0,8
2048,4,8,20.147525999988147,8,0,8
2048,4,9,20.054623000021365,8,0,8
2048,4,10,39.66140599999335,2048,0,9
2048,4,11,22.579330000013442,16,0,8
2048,4,12,20.26044099997648,8,0,8
2048,4,13,20.182703000017455,8,0,8
2048,4,14,20.250285000003032,8,0,8
2048,4,15,20.094368000002305,8,0,8
2048,4,16,20.05882800000336,8,0,8
2048,4,17,20.31359000000066,8,0,8
2048,4,18,20.146425000007184,8,0,8
2048,4,19,20.0962809999794,8,0,8
2048,4,20,20.168666000017765,8,0,8
2048,4,21,20.137903000005508,8,0,8
2048,4,22,20.194547999977885,8,0,8
2048,4,23,20.20636200001036,8,0,8
2048,4,24,20.24021500000117,8,0,8
2048,4,25,20.165965999979107,8,0,8
2048,4,26,20.153408999988187,8,0,8
2048,4,27,20.18282600002408,8,0,8
2048,4,28,20.09549999999649,8,0,8
2048,4,29,20.15643500001829,8,0,8
2048,4,30,20.153769000017974,8,0,8
2048,4,31,20.156001999993123,8,0,8
2048,4,32,20.136882000002743,8,0,8
2048,4,33,20.08502499998599,8,0,8
2048,4,34,20.713642999993453,8,0,8
2048,4,35,20.45848099999148,8,0,8
2048,4,36,20.1932290000002,8,0,8
2048,4,37,20.251099000006434,8,0,8
2048,4,38,20.224845000001324,8,0,8
2048,4,39,20.197289999998702,8,0,8
2048,4,40,20.262123999998494,8,0,8
2048,4,41,20.23413300000243,8,0,8
2048,4,42,20.282867000020133,8,0,8
2048,4,43,20.504135000010137,8,0,8
2048,4,44,20.235644999985425,8,0,8
2048,4,45,20.413759999996728,8,0,8
2048,4,46,20.28250600000092,8,0,8
2048,4,47,20.19717700000001,8,0,8
2048,4,48,20.261521999998422,8,0,8
2048,4,49,21.7195820000029,8,0,8
2048,4,50,20.105701999995063,8,0,8
2048,4,51,20.296140999988665,8,0,8
2048,4,52,20.18744699998365,8,0,8
2048,4,53,20.17172899999764,8,0,8
2048,4,54,20.139419000003045,8,0,8
2048,4,55,20.285411999992675,8,0,8
2048,4,56,20.180715000009286,8,0,8
2048,4,57,20.16111499997919,8,0,8
2048,4,58,20.192400000013322,8,0,8
2048,4,59,20.210853999998335,8,0,8
2048,4,60,20.420357000006106,8,0,8
2048,4,61,20.373332999980676,8,0,8
2048,4,62,20.399347999983775,8,0,8
2048,4,63,20.26541600000087,8,0,8
2048,4,64,20.083543999987796,8,0,8
2048,4,65,20.282921000017495,8,0,8
2048,4,66,20.301630999995268,8,0,8
2048,4,67,20.186716000011984,8,0,8
2048,4,68,20.090049000003773,8,0,8
2048,4,69,20.24108799997748,8,0,8
2048,4,70,20.329748000023073,8,0,8
2048,4,71,20.645137000002478,8,0,8
2048,4,72,20.285518999997976,8,0,8
2048,4,73,20.195465999989892,8,0,8
2048,4,74,20.254837000010184,8,0,8
2048,4,75,20.309322000002794,8,0,8
2048,4,76,20.22095899999954,8,0,8
2048,4,77,20.52670100002274,8,0,8
2048,4,78,21.88675900001158,8,0,8
2048,4,79,20.26270199999658,8,0,8
2048,4,80,20.179296000009117,8,0,8
2048,4,81,20.27911700000118,8,0,8
2048,4,82,20.305495999991763,8,0,8
2048,4,83,20.195613999987927,8,0,8
2048,4,84,20.202697999991415,8,0,8
2048,4,85,20.28402999999912,8,0,8
2048,4,86,20.68727199997511,8,0,8
2048,4,87,20.21074399999634,8,0,8
2048,4,88,20.448161000018672,8,0,8
2048,4,89,20.427492999999686,8,0,8
2048,4,90,20.2783950000196,8,0,8
2048,4,91,21.037235000022747,8,0,8
2048,4,92,21.520751000025484,8,0,8
2048,4,93,21.03540199999543,8,0,8
2048,4,94,20.67569499999422,8,0,8
2048,4,95,20.22608600000808,8,0,8
2048,4,96,20.27391000001444,8,0,8
2048,4,97,20.30874600001198,8,0,8
2048,4,98,20.266590000005635,8,0,8
2048,4,99,20.20722400001773,8,0,0
2048,5,0,19.68005400001971,128,0,8
2048,5,1,20.134415000001127,8,0,8
2048,5,2,20.10730800000715,8,0,8
2048,5,3,20.130214000005253,8,0,8
2048,5,4,20.087063999994825,8,0,8
2048,5,5,20.599107999998978,8,0,8
2048,5,6,20.429761999992024,8,0,8
2048,5,7,20.387892999991664,8,0,8
2048,5,8,20.15613700001495,8,0,8
2048,5,9,20.175233000003345,8,0,8
2048,5,10,39.511596000011195,2048,0,9
2048,5,11,22.563866000012922,16,0,8
2048,5,12,20.10914500002059,8,0,8
2048,5,13,20.02350300000444,8,0,8
2048,5,14,20.113539999982777,8,0,8
2048,5,15,20.000941000006378,8,0,8
2048,5,16,20.128415000016275,8,0,8
2048,5,17,20.22657699998831,8,0,8
2048,5,18,20.540979999992715,8,0,8
2048,5,19,20.7824909999772,8,0,8
2048,5,20,20.172561000009637,8,0,8
2048,5,21,20.053977999992867,8,0,8
2048,5,22,20.181423999986237,8,0,8
2048,5,23,20.163351999997303,8,0,8
2048,5,24,20.21948300000531,8,0,8
2048,5,25,20.063152999995282,8,0,8
2048,5,26,20.150371999989147,8,0,8
2048,5,27,20.05396499998824,8,0,8
2048,5,28,20.142654000011362,8,0,8
2048,5,29,20.166377999998986,8,0,8
2048,5,30,20.085829999999305,8,0,8
2048,5,31,20.19466900000566,8,0,8
2048,5,32,20.294270999983155,8,0,8
2048,5,33,20.244746000003033,8,0,8
2048,5,34,20.52765099998055,8,0,8
2048,5,35,20.11121399999638,8,0,8
2048,5,36,20.226626999999553,8,0,8
2048,5,37,20.52170999999703,8,0,8
2048,5,38,20.181212000011328,8,0,8
2048,5,39,20.292310999991514,8,0,8
2048,5,40,20.208040999989407,8,0,8
2048,5,41,20.195751000017026,8,0,8
2048,5,42,20.343065999981036,8,0,8
2048,5,43,20.167592999996486,8,0,8
2048,5,44,20.26786100000777,8,0,8
2048,5,45,20.19426399999702,8,0,8
2048,5,46,20.168823000005887,8,0,8
2048,5,47,20.10467000002336,8,0,8
2048,5,48,20.047352000005958,8,0,8
2048,5,49,20.219472000007954,8,0,8
2048,5,50,20.159634999998843,8,0,8
2048,5,51,20.19974800001023,8,0,8
2048,5,52,20.25792099999535,8,0,8
2048,5,53,20.070800000013378,8,0,8
2048,5,54,20.176807000012786,8,0,8
2048,5,55,20.069479,8,0,8
2048,5,56,20.1131700000019,8,0,8
2048,5,57,20.124319999979434,8,0,8
2048,5,58,20.230765999997402,8,0,8
2048,5,59,20.21033700000885,8,0,8
2048,5,60,20.212854000021707,8,0,8
2048,5,61,20.214240999990807,8,0,8
2048,5,62,20.16498099999353,8,0,8
2048,5,63,20.171048000008795,8,0,8
2048,5,64,20.186056000000008,8,0,8
2048,5,65,20.524468999980172,8,0,8
2048,5,66,20.224650999978167,8,0,8
2048,5,67,20.473854999977448,8,0,8
2048,5,68,20.2476279999928,8,0,8
2048,5,69,20.32622900000547,8,0,8
2048,5,70,20.200014000010924,8,0,8
2048,5,71,20.217764999983956,8,0,8
2048,5,72,20.309269000023278,8,0,8
2048,5,73,20.272392999999056,8,0,8
2048,5,74,20.301834000008512,8,0,8
2048,5,75,20.310731999984455,8,0,8
2048,5,76,20.46506499999623,8,0,8
2048,5,77,20.208636000006663,8,0,8
2048,5,78,20.27067299999885,8,0,8
2048,5,79,20.34857300000681,8,0,8
2048,5,80,20.11500899999419,8,0,8
2048,5,81,20.219892999989497,8,0,8
2048,5,82,20.274671000009903,8,0,8
2048,5,83,20.259742999996888,8,0,8
2048,5,84,20.276009000014028,8,0,8
2048,5,85,20.641012999988106,8,0,8
2048,5,86,21.571929999993245,8,0,8
2048,5,87,20.286613999985548,8,0,8
2048,5,88,20.382661000013513,8,0,8
2048,5,89,20.32062899999687,8,0,8
2048,5,90,20.199224999998933,8,0,8
2048,5,91,20.593904000008934,8,0,8
2048,5,92,20.362516000005826,8,0,8
2048,5,93,20.359539999986964,8,0,8
2048,5,94,20.349636000020155,8,0,8
2048,5,95,20.197823000017934,8,0,8
2048,5,96,20.317787999999837,8,0,8
2048,5,97,20.265972999993664,8,0,8
2048,5,98,20.37403099998869,8,0,8
2048,5,99,21.91973300000427,8,0,0
8192,0,0,19.372734000000946,128,0,8
8192,0,1,20.17947800001707,8,0,8
8192,0,2,20.05991300001142,8,0,8
8192,0,3,20.158358999992743,8,0,8
8192,0,4,20.23538000000258,8,0,8
8192,0,5,20.184527999987267,8,0,8
8192,0,6,20.094138000018802,8,0,8
8192,0,7,20.05643900000109,8,0,8
8192,0,8,20.17864300000838,8,0,8
8192,0,9,20.129568999976755,8,0,8
8192,0,10,40.169256000012865,2056,0,8
8192,0,11,20.082101999975066,8,0,8
8192,0,12,20.439587000026904,8,0,8
8192,0,13,20.10782900001118,8,0,8
8192,0,14,20.19305700000018,8,0,8
8192,0,15,20.171284999975114,8,0,8
8192,0,16,20.124073000005183,8,0,8
8192,0,17,20.341316000013876,8,0,8
8192,0,18,20.199633999993694,8,0,8
8192,0,19,20.160173999983044,8,0,8
8192,0,20,20.23819200002208,8,0,8
8192,0,21,20.05657200001565,8,0,8
8192,0,22,20.244348999995054,8,0,8
8192,0,23,20.16486200000145,8,0,8
8192,0,24,20.145635999995193,8,0,8
8192,0,25,20.155117999991035,8,0,8
8192,0,26,20.211410000001706,8,0,8
8192,0,27,20.06943899999669,8,0,8
8192,0,28,20.146897000017816,8,0,8
8192,0,29,20.85039600001437,8,0,8
8192,0,30,20.364789000012706,8,0,8
8192,0,31,20.2001849999931,8,0,8
8192,0,32,20.310119000015447,8,0,8
8192,0,33,20.15585800000963,8,0,8
8192,0,34,20.100098000000344,8,0,8
8192,0,35,20.563278999986778,8,0,8
8192,0,36,20.170512999982293,8,0,8
8192,0,37,20.211869999997134,8,0,8
8192,0,38,20.122528000001694,8,0,8
8192,0,39,20.17978000000653,8,0,8
8192,0,40,20.200043000016876,8,0,8
8192,0,41,20.2817950000167,8,0,8
8192,0,42,20.1796440000237,8,0,8
8192,0,43,20.142129999982217,8,0,8
8192,0,44,20.167859999986604,8,0,8
8192,0,45,20.19261799998162,8,0,8
8192,0,46,20.26885600000128,8,0,8
8192,0,47,20.15799799997353,8,0,8
8192,0,48,20.03682400001594,8,0,8
8192,0,49,20.044014000006882,8,0,8
8192,0,50,20.383358000003682,8,0,8
8192,0,51,20.425842999998167,8,0,8
8192,0,52,20.328220000010333,8,0,8
8192,0,53,20.243342000014763,8,0,8
8192,0,54,20.17583200000672,8,0,8
8192,0,55,20.188160000003563,8,0,8
8192,0,56,20.14193599998748,8,0,8
8192,0,57,20.169273000021803,8,0,8
8192,0,58,20.297725999995464,8,0,8
8192,0,59,20.194939000020895,8,0,8
8192,0,60,20.166151000012178,8,0,8
8192,0,61,20.309345000015355,8,0,8
8192,0,62,20.196206999997912,8,0,8
8192,0,63,20.13688199997432,8,0,8
8192,0,64,20.3165930000182,8,0,8
8192,0,65,20.225922000008723,8,0,8
8192,0,66,20.211472999989155,8,0,8
8192,0,67,20.140709999992623,8,0,8
8192,0,68,20.172934999976633,8,0,8
8192,0,69,20.193682000012814,8,0,8
8192,0,70,20.27540000000272,8,0,8
8192,0,71,20.408233000011933,8,0,8
8192,0,72,20.35179199998538,8,0,8
8192,0,73,20.26169199999117,8,0,8
8192,0,74,20.157127000004493,8,0,8
8192,0,75,20.270847999995567,8,0,8
8192,0,76,20.239354000011645,8,0,8
8192,0,77,20.156793000012385,8,0,8
8192,0,78,20.186475999992126,8,0,8
8192,0,79,20.206077000011646,8,0,8
8192,0,80,20.313264000009212,8,0,8
8192,0,81,20.421019999986356,8,0,8
8192,0,82,20.253115999992133,8,0,8
8192,0,83,20.261367999978575,8,0,8
8192,0,84,20.46844399998804,8,0,8
8192,0,85,20.30713199999923,8,0,8
8192,0,86,20.23825099999499,8,0,8
8192,0,87,20.348197999993545,8,0,8
8192,0,88,20.169376000012562,8,0,8
8192,0,89,20.314516000013327,8,0,8
8192,0,90,20.317316000017627,8,0,8
8192,0,91,20.27753199999438,8,0,8
8192,0,92,20.29540999998858,8,0,8
8192,0,93,20.226247000010744,8,0,8
8192,0,94,20.190452999997888,8,0,8
8192,0,95,20.244817000019566,8,0,8
8192,0,96,20.267092000011644,8,0,8
8192,0,97,20.257010999984004,8,0,8
8192,0,98,20.22934299998269,8,0,8
8192,0,99,20.26696300001163,8,0,0
8192,1,0,19.479227999994464,128,0,8
8192,1,1,20.219214999997348,8,0,8
8192,1,2,20.096496000007846,8,0,8
8192,1,3,20.087063999994825,8,0,8
8192,1,4,20.49207700000011,8,0,8
8192,1,5,20.1523530000145,8,0,8
8192,1,6,20.170845999984977,8,0,8
8192,1,7,20.202893000003996,8,0,8
8192,1,8,20.112116000007063,8,0,8
8192,1,9,20.326562999997577,8,0,8
8192,1,10,40.11577299999658,2056,0,8
8192,1,11,20.098880000006147,8,0,8
8192,1,12,20.076560000006793,8,0,8
8192,1,13,20.14585099999522,8,0,8
8192,1,14,20.22356099999456,8,0,8
8192,1,15,20.251817000001893,8,0,8
8192,1,16,20.177634000020817,8,0,8
8192,1,17,20.206018999999742,8,0,8
8192,1,18,20.21473099998161,8,0,8
8192,1,19,20.157100999995237,8,0,8
8192,1,20,20.2333820000149,8,0,8
8192,1,21,20.253977999999506,8,0,8
8192,1,22,20.213535000010552,8,0,8
8192,1,23,20.273355999989917,8,0,8
8192,1,24,20.222419000020864,8,0,8
8192,1,25,20.19399499999963,8,0,8
8192,1,26,20.74688499999411,8,0,8
8192,1,27,21.312367999996695,8,0,8
8192,1,28,21.134567000018478,8,0,8
8192,1,29,20.590817999988076,8,0,8
8192,1,30,20.38650700001199,8,0,8
8192,1,31,20.398419999992257,8,0,8
8192,1,32,20.34225100001663,8,0,8
8192,1,33,20.236819000018613,8,0,8
8192,1,34,20.25856299999873,8,0,8
8192,1,35,20.114839999990863,8,0,8
8192,1,36,20.492206000000124,8,0,8
8192,1,37,20.22284400001695,8,0,8
8192,1,38,20.408734000000095,8,0,8
8192,1,39,20.368652999991355,8,0,8
8192,1,40,21.14426500000377,8,0,8
8192,1,41,20.414561000023923,8,0,8
8192,1,42,20.290095999996538,8,0,8
8192,1,43,20.16489499999352,8,0,8
8192,1,44,20.276955999975144,8,0,8
8192,1,45,20.1735360000157,8,0,8
8192,1,46,20.24561999999719,8,0,8
8192,1,47,20.26597000002539,8,0,8
8192,1,48,20.176614000007476,8,0,8
8192,1,49,20.216555999979846,8,0,8
8192,1,50,20.179790000014464,8,0,8
8192,1,51,20.161371999989797,8,0,8
8192,1,52,20.257821000001286,8,0,8
8192,1,53,20.22601699999882,8,0,8
8192,1,54,20.282900000012205,8,0,8
8192,1,55,20.17412999998669,8,0,8
8192,1,56,20.279186999999865,8,0,8
8192,1,57,20.158179000020482,8,0,8
8192,1,58,20.180933000006007,8,0,8
8192,1,59,20.333192000009603,8,0,8
8192,1,60,20.15385800001468,8,0,8
8192,1,61,20.21230299999388,8,0,8
8192,1,62,20.165536000007478,8,0,8
8192,1,63,20.169371000008596,8,0,8
8192,1,64,20.4285920000018,8,0,8
8192,1,65,20.196906999984776,8,0,8
8192,1,66,20.21431800000073,8,0,8
8192,1,67,20.28131999998095,8,0,8
8192,1,68,20.225330000016584,8,0,8
8192,1,69,20.177058999991004,8,0,8
8192,1,70,20.30697600000053,8,0,8
8192,1,71,20.182103999985657,8,0,8
8192,1,72,20.302079000003914,8,0,8
8192,1,73,20.266929999991135,8,0,8
8192,1,74,20.269746999986182,8,0,8
8192,1,75,20.256469000003108,8,0,8
8192,1,76,20.285188999991988,8,0,8
8192,1,77,20.279295999984015,8,0,8
8192,1,78,20.183482999982516,8,0,8
8192,1,79,20.567797000012433,8,0,8
8192,1,80,20.23528099999794,8,0,8
8192,1,81,21.902124999996886,8,0,8
8192,1,82,20.44136099999605,8,0,8
8192,1,83,20.231451999990213,8,0,8
8192,1,84,20.352325999994036,8,0,8
8192,1,85,20.41714099999581,8,0,8
8192,1,86,20.254682999990337,8,0,8
8192,1,87,20.307771000005914,8,0,8
8192,1,88,20.30255599999009,8,0,8
8192,1,89,20.22791599998186,8,0,8
8192,1,90,20.22418500001777,8,0,8
8192,1,91,20.227008000006208,8,0,8
8192,1,92,20.263943000003337,8,0,8
8192,1,93,20.231868000024633,8,0,8
8192,1,94,21.240441999992754,8,0,8
8192,1,95,20.472717000018292,8,0,8
8192,1,96,20.212118000017654,8,0,8
8192,1,97,20.210091999985025,8,0,8
8192,1,98,20.270069999980933,8,0,8
8192,1,99,20.292611000002125,8,0,0
8192,2,0,19.26435300001117,128,0,8
8192,2,1,20.0752010000258,8,0,8
8192,2,2,20.02077000000213,8,0,8
8192,2,3,20.181277999995473,8,0,8
8192,2,4,20.028057999979865,8,0,8
8192,2,5,20.144208999994362,8,0,8
8192,2,6,20.126411999996208,8,0,8
8192,2,7,20.18302100000824,8,0,8
8192,2,8,20.1804619999848,8,0,8
8192,2,9,20.048056000007364,8,0,8
8192,2,10,40.18365099997823,2056,0,8
8192,2,11,20.129711999999245,8,0,8
8192,2,12,20.322043999982498,8,0,8
8192,2,13,20.095502999993187,8,0,8
8192,2,14,20.098780000012084,8,0,8
8192,2,15,20.060422000000244,8,0,8
8192,2,16,20.140918999999258,8,0,8
8192,2,17,20.275327000007337,8,0,8
8192,2,18,20.163214999996626,8,0,8
8192,2,19,20.196483000006538,8,0,8
8192,2,20,20.07518799999275,8,0,8
8192,2,21,20.134957000010445,8,0,8
8192,2,22,20.304027999998198,8,0,8
8192,2,23,20.130168000008553,8,0,8
8192,2,24,20.887780999998995,8,0,8
8192,2,25,20.19120399998542,8,0,8
8192,2,26,20.098216999997476,8,0,8
8192,2,27,20.212523999987297,8,0,8
8192,2,28,20.032636999985698,8,0,8
8192,2,29,20.05623799999512,8,0,8
8192,2,30,20.293563999985054,8,0,8
8192,2,31,20.123738999984653,8,0,8
8192,2,32,20.205600999986473,8,0,8
8192,2,33,20.0656320000121,8,0,8
8192,2,34,20.18664899998157,8,0,8
8192,2,35,20.182252000012113,8,0,8
8192,2,36,20.128519999985883,8,0,8
8192,2,37,20.254348000008804,8,0,8
8192,2,38,20.160563999979786,8,0,8
8192,2,39,20.233636999989812,8,0,8
8192,2,40,20.223971999996593,8,0,8
8192,2,41,20.367180999983248,8,0,8
8192,2,42,20.39750399998752,8,0,8
8192,2,43,20.15404900001272,8,0,8
8192,2,44,20.21296199998801,8,0,8
8192,2,45,20.18918100000633,8,0,8
8192,2,46,20.449294000002283,8,0,8
8192,2,47,20.270522999993545,8,0,8
8192,2,48,20.199408999985735,8,0,8
8192,2,49,20.18366499999047,8,0,8
8192,2,50,20.250605000001087,8,0,8
8192,2,51,20.24794499999416,8,0,8
8192,2,52,20.163583999988077,8,0,8
8192,2,53,20.273740999982692,8,0,8
8192,2,54,20.19079300001181,8,0,8
8192,2,55,20.190501999991284,8,0,8
8192,2,56,20.247452999996085,8,0,8
8192,2,57,20.3492400000016,8,0,8
8192,2,58,20.35204200001317,8,0,8
8192,2,59,20.230766999986827,8,0,8
8192,2,60,20.321997999985797,8,0,8
8192,2,61,20.242505000027222,8,0,8
8192,2,62,21.27342200000726,8,0,8
8192,2,63,20.693287999989707,8,0,8
8192,2,64,20.29802300000938,8,0,8
8192,2,65,20.387759000016104,8,0,8
8192,2,66,20.267574000001787,8,0,8
8192,2,67,20.182124999990947,8,0,8
8192,2,68,20.2095369999995,8,0,8
8192,2,69,20.280958000000737,8,0,8
8192,2,70,20.222001000007594,8,0,8
8192,2,71,20.249648000003617,8,0,8
8192,2,72,20.246786000001293,8,0,8
8192,2,73,20.276104000004125,8,0,8
8192,2,74,20.253089000021873,8,0,8
8192,2,75,20.285333000003902,8,0,8
8192,2,76,20.38390999999251,8,0,8
8192,2,77,20.248339000005444,8,0,8
8192,2,78,20.25431499998831,8,0,8
8192,2,79,20.26003000000287,8,0,8
8192,2,80,20.197190999994064,8,0,8
8192,2,81,20.34802700001137,8,0,8
8192,2,82,20.151620000007142,8,0,8
8192,2,83,20.288941000018212,8,0,8
8192,2,84,20.236686000004056,8,0,8
8192,2,85,20.283734999992475,8,0,8
8192,2,86,20.32048799998165,8,0,8
8192,2,87,20.19318499998235,8,0,8
8192,2,88,20.216172999994342,8,0,8
8192,2,89,20.1957230000005,8,0,8
8192,2,90,20.23742200000811,8,0,8
8192,2,91,20.255610999981855,8,0,8
8192,2,92,20.198602000021992,8,0,8
8192,2,93,20.249352999996972,8,0,8
8192,2,94,20.203670000000784,8,0,8
8192,2,95,20.24246099998095,8,0,8
8192,2,96,20.304372999987663,8,0,8
8192,2,97,20.21583100000157,8,0,8
8192,2,98,20.23556399998938,8,0,8
8192,2,99,20.447308000001385,8,0,0
8192,3,0,19.302076000002444,128,0,8
8192,3,1,20.131292000002077,8,0,8
8192,3,2,20.015300000011393,8,0,8
8192,3,3,20.123160000025564,8,0,8
8192,3,4,20.074700000009216,8,0,8
8192,3,5,20.273886000012453,8,0,8
8192,3,6,20.10681300001238,8,0,8
8192,3,7,20.1624460000005,8,0,8
8192,3,8,20.092937999976357,8,0,8
8192,3,9,20.092243999982884,8,0,8
8192,3,10,40.17927300000679,2056,0,8
8192,3,11,20.32919799998467,8,0,8
8192,3,12,20.182656000002908,8,0,8
8192,3,13,20.18639299998881,8,0,8
8192,3,14,20.178825999977335,8,0,8
8192,3,15,20.173400999993873,8,0,8
8192,3,16,20.04388599999629,8,0,8
8192,3,17,20.129870999994637,8,0,8
8192,3,18,20.146896999989394,8,0,8
8192,3,19,20.14171999999803,8,0,8
8192,3,20,20.145873000018355,8,0,8
8192,3,21,20.24312399998962,8,0,8
8192,3,22,20.203420000001415,8,0,8
8192,3,23,20.183868000003713,8,0,8
8192,3,24,20.093314999996892,8,0,8
8192,3,25,20.257143000009137,8,0,8
8192,3,26,20.14464199999111,8,0,8
8192,3,27,20.07557799998949,8,0,8
8192,3,28,20.314695999985588,8,0,8
8192,3,29,20.071769999987055,8,0,8
8192,3,30,20.314965000011398,8,0,8
8192,3,31,20.195563999976684,8,0,8
8192,3,32,20.111549000006335,8,0,8
8192,3,33,19.99940400000355,8,0,8
8192,3,34,20.145536999990554,8,0,8
8192,3,35,20.276690999992297,8,0,8
8192,3,36,20.136186000002,8,0,8
8192,3,37,20.18377400000304,8,0,8
8192,3,38,20.12812399999575,8,0,8
8192,3,39,20.117489000000432,8,0,8
8192,3,40,20.227099000010185,8,0,8
8192,3,41,20.200742000014316,8,0,8
8192,3,42,20.287663999994265,8,0,8
8192,3,43,20.163179999997283,8,0,8
8192,3,44,20.12960600001179,8,0,8
8192,3,45,20.40283299999146,8,0,8
8192,3,46,20.23989400001369,8,0,8
8192,3,47,20.133364000002985,8,0,8
8192,3,48,20.262225999999828,8,0,8
8192,3,49,20.212854000021707,8,0,8
8192,3,50,20.522736999993185,8,0,8
8192,3,51,20.50921099998959,8,0,8
8192,3,52,20.1129099999946,8,0,8
8192,3,53,20.21423400000799,8,0,8
8192,3,54,20.20990599999095,8,0,8
8192,3,55,20.30313800000272,8,0,8
8192,3,56,20.127943000005644,8,0,8
8192,3,57,20.08541099999661,8,0,8
8192,3,58,20.43965500001832,8,0,8
8192,3,59,20.168338000019048,8,0,8
8192,3,60,20.2691810000033,8,0,8
8192,3,61,20.173916999993935,8,0,8
8192,3,62,20.457048999986682,8,0,8
8192,3,63,20.290672000015775,8,0,8
8192,3,64,20.175139000002673,8,0,8
8192,3,65,20.18398199999183,8,0,8
8192,3,66,20.152037000002565,8,0,8
8192,3,67,20.235546999998633,8,0,8
8192,3,68,20.156318999994483,8,0,8
8192,3,69,20.221355000018093,8,0,8
8192,3,70,20.271074000021372,8,0,8
8192,3,71,20.26499200002263,8,0,8
8192,3,72,20.142239999984213,8,0,8
8192,3,73,20.229104999998526,8,0,8
8192,3,74,20.534199999985958,8,0,8
8192,3,75,20.293616000003567,8,0,8
8192,3,76,21.551832000000104,8,0,8
8192,3,77,20.436845000006088,8,0,8
8192,3,78,20.254840999996304,8,0,8
8192,3,79,20.340691000001243,8,0,8
8192,3,80,20.202896000000692,8,0,8
8192,3,81,20.22874499999716,8,0,8
8192,3,82,20.23674999998093,8,0,8
8192,3,83,20.289251000008335,8,0,8
8192,3,84,20.52476099999012,8,0,8
8192,3,85,20.247071000000005,8,0,8
8192,3,86,20.292165999990175,8,0,8
8192,3,87,20.353986000003488,8,0,8
8192,3,88,20.32694199999696,8,0,8
8192,3,89,20.373783000025014,8,0,8
8192,3,90,21.541601999985005,8,0,8
8192,3,91,20.271905999976525,8,0,8
8192,3,92,20.29307000000813,8,0,8
8192,3,93,20.2433679999956,8,0,8
8192,3,94,20.30814299999406,8,0,8
8192,3,95,20.14151700001321,8,0,8
8192,3,96,20.32729699999436,8,0,8
8192,3,97,20.37144299998772,8,0,8
8192,3,98,20.295640999989928,8,0,8
8192,3,99,20.40973200001872,8,0,0
8192,4,0,19.622300999998288,128,0,8
8192,4,1,20.13283600001614,8,0,8
8192,4,2,20.148027999994156,8,0,8
8192,4,3,20.05720099998598,8,0,8
8192,4,4,20.116322999996328,8,0,8
8192,4,5,20.09135100001913,8,0,8
8192,4,6,20.03313000000162,8,0,8
8192,4,7,20.021773000024723,8,0,8
8192,4,8,20.082817999991676,8,0,8
8192,4,9,20.04134699998872,8,0,8
8192,4,10,40.09082799998964,2056,0,8
8192,4,11,20.072738000010304,8,0,8
8192,4,12,20.02260900002284,8,0,8
8192,4,13,20.095470000001114,8,0,8
8192,4,14,20.106453000011015,8,0,8
8192,4,15,20.13716799999088,8,0,8
8192,4,16,20.11662900000033,8,0,8
8192,4,17,20.197080999992068,8,0,8
8192,4,18,20.874010999989423,8,0,8
8192,4,19,21.252435999997488,8,0,8
8192,4,20,20.323649999994586,8,0,8
8192,4,21,20.207169000002523,8,0,8
8192,4,22,20.18130400000473,8,0,8
8192,4,23,20.216901999987158,8,0,8
8192,4,24,20.073741000004475,8,0,8
8192,4,25,20.17238999999904,8,0,8
8192,4,26,20.193583000008175,8,0,8
8192,4,27,20.094018999998298,8,0,8
8192,4,28,20.167332999989185,8,0,8
8192,4,29,20.077675999999656,8,0,8
8192,4,30,20.122954000015625,8,0,8
8192,4,31,20.400633000008384,8,0,8
8192,4,32,20.191280000005918,8,0,8
8192,4,33,20.188781000001654,8,0,8
8192,4,34,20.138264999985722,8,0,8
8192,4,35,20.07208800000626,8,0,8
8192,4,36,20.20079800001895,8,0,8
8192,4,37,20.180124999995996,8,0,8
8192,4,38,20.20221000000788,8,0,8
8192,4,39,20.167936999996527,8,0,8
8192,4,40,20.18389999997794,8,0,8
8192,4,41,20.213730999984136,8,0,8
8192,4,42,20.178487999999106,8,0,8
8192,4,43,20.14214400000469,8,0,8
8192,4,44,20.053079999996726,8,0,8
8192,4,45,20.196169000001873,8,0,8
8192,4,46,20.130652000005966,8,0,8
8192,4,47,20.196350999981405,8,0,8
8192,4,48,20.20192199998405,8,0,8
8192,4,49,20.22726299998112,8,0,8
8192,4,50,20.20822299999736,8,0,8
8192,4,51,20.05537499999832,8,0,8
8192,4,52,20.154767000008178,8,0,8
8192,4,53,20.18070799999805,8,0,8
8192,4,54,20.076222999989568,8,0,8
8192,4,55,20.17673100002071,8,0,8
8192,4,56,20.144823000009637,8,0,8
8192,4,57,20.157853000000614,8,0,8
8192,4,58,20.246826999994028,8,0,8
8192,4,59,20.12077599999884,8,0,8
8192,4,60,20.130410999996684,8,0,8
8192,4,61,20.130077999994,8,0,8
8192,4,62,20.292474000001448,8,0,8
8192,4,63,20.742689999991626,8,0,8
8192,4,64,20.17074100001537,8,0,8
8192,4,65,20.491330999988122,8,0,8
8192,4,66,20.27384900000584,8,0,8
8192,4,67,20.246866999997337,8,0,8
8192,4,68,20.179294000001846,8,0,8
8192,4,69,20.246732999993355,8,0,8
8192,4,70,22.00852299998246,8,0,8
8192,4,71,21.227670000001808,8,0,8
8192,4,72,20.864934000002222,8,0,8
8192,4,73,20.49454100000503,8,0,8
8192,4,74,20.378859000004468,8,0,8
8192,4,75,20.606063999991875,8,0,8
8192,4,76,20.287000999985594,8,0,8
8192,4,77,20.38564800000131,8,0,8
8192,4,78,20.279844000015146,8,0,8
8192,4,79,20.149239000005537,8,0,8
8192,4,80,20.28314399998976,8,0,8
8192,4,81,20.38654900002257,8,0,8
8192,4,82,20.362540999997236,8,0,8
8192,4,83,20.293258999998898,8,0,8
8192,4,84,20.289235999996436,8,0,8
8192,4,85,20.285215000001244,8,0,8
8192,4,86,20.30427499997245,8,0,8
8192,4,87,20.287299000017356,8,0,8
8192,4,88,20.262833000003866,8,0,8
8192,4,89,20.221173999999564,8,0,8
8192,4,90,20.178355999973974,8,0,8
8192,4,91,20.5922470000246,8,0,8
8192,4,92,20.25958699999819,8,0,8
8192,4,93,20.241601999998693,8,0,8
8192,4,94,20.465091000005486,8,0,8
8192,4,95,20.37886700000513,8,0,8
8192,4,96,20.317470999998477,8,0,8
8192,4,97,20.324842999997372,8,0,8
8192,4,98,20.352078999991363,8,0,8
8192,4,99,20.30181300000322,8,0,0
8192,5,0,19.33045699999525,128,0,8
8192,5,1,20.260334999989027,8,0,8
8192,5,2,20.36510700000349,8,0,8
8192,5,3,20.110146999996914,8,0,8
8192,5,4,20.159067999998115,8,0,8
8192,5,5,20.12544600000865,8,0,8
8192,5,6,20.160647000011522,8,0,8
8192,5,7,20.385439000023098,8,0,8
8192,5,8,20.08907200001886,8,0,8
8192,5,9,20.05759999997281,8,0,8
8192,5,10,40.10699799999884,2056,0,8
8192,5,11,20.134613000010404,8,0,8
8192,5,12,20.106677000001127,8,0,8
8192,5,13,20.12352799999917,8,0,8
8192,5,14,20.077447999995,8,0,8
8192,5,15,20.100646999992478,8,0,8
8192,5,16,20.13632599999937,8,0,8
8192,5,17,20.17671800001608,8,0,8
8192,5,18,20.16999099998884,8,0,8
8192,5,19,20.176257000002806,8,0,8
8192,5,20,20.16790700000115,8,0,8
8192,5,21,20.087471000010737,8,0,8
8192,5,22,20.165537999986327,8,0,8
8192,5,23,20.238043999995625,8,0,8
8192,5,24,19.959102000001394,8,0,8
8192,5,25,20.040042000005087,8,0,8
8192,5,26,20.182908999998972,8,0,8
8192,5,27,20.089868000013666,8,0,8
8192,5,28,20.101801999999225,8,0,8
8192,5,29,20.113627000000633,8,0,8
8192,5,30,20.18181200000413,8,0,8
8192,5,31,20.157177000015736,8,0,8
8192,5,32,20.077974000002996,8,0,8
8192,5,33,20.013472000016463,8,0,8
8192,5,34,20.128497000001744,8,0,8
8192,5,35,20.15076199998589,8,0,8
8192,5,36,20.12529099999938,8,0,8
8192,5,37,20.080573000001323,8,0,8
8192,5,38,20.111285000012913,8,0,8
8192,5,39,20.211799999998448,8,0,8
8192,5,40,20.4317590000187,8,0,8
8192,5,41,20.21268300001111,8,0,8
8192,5,42,20.154205000011416,8,0,8
8192,5,43,20.195166999997127,8,0,8
8192,5,44,20.133552999993753,8,0,8
8192,5,45,20.277474000010898,8,0,8
8192,5,46,20.179058999985955,8,0,8
8192,5,47,20.15953700001205,8,0,8
8192,5,48,20.2095980000081,8,0,8
8192,5,49,20.117190000007668,8,0,8
8192,5,50,20.495980000021063,8,0,8
8192,5,51,20.36186700001963,8,0,8
8192,5,52,20.20645400000376,8,0,8
8192,5,53,20.32540800001925,8,0,8
8192,5,54,20.2010600000051,8,0,8
8192,5,55,20.402100000012524,8,0,8
8192,5,56,20.121765999988384,8,0,8
8192,5,57,20.145380000002433,8,0,8
8192,5,58,20.159256999988884,8,0,8
8192,5,59,20.317130000023553,8,0,8
8192,5,60,20.292913000020008,8,0,8
8192,5,61,20.26471300001731,8,0,8
8192,5,62,20.157869999991362,8,0,8
8192,5,63,20.13048300000264,8,0,8
8192,5,64,20.171596000011505,8,0,8
8192,5,65,20.277385000014192,8,0,8
8192,5,66,20.185733000005257,8,0,8
8192,5,67,20.182419000008167,8,0,8
8192,5,68,20.43284600000561,8,0,8
8192,5,69,20.26789900000381,8,0,8
8192,5,70,20.566683999987845,8,0,8
8192,5,71,20.91432999998233,8,0,8
8192,5,72,21.006096999997226,8,0,8
8192,5,73,20.449683999999024,8,0,8
8192,5,74,20.43342499999312,8,0,8
8192,5,75,20.423755000024357,8,0,8
8192,5,76,20.476766999991014,8,0,8
8192,5,77,20.316232999988415,8,0,8
8192,5,78,20.343315000019402,8,0,8
8192,5,79,20.408043999992742,8,0,8
8192,5,80,20.449417000008907,8,0,8
8192,5,81,20.25607599998125,8,0,8
8192,5,82,20.240518999997903,8,0,8
8192,5,83,20.295615999998518,8,0,8
8192,5,84,20.288405000002285,8,0,8
8192,5,85,21.716384999990623,8,0,8
8192,5,86,20.293570000006866,8,0,8
8192,5,87,20.249980000016876,8,0,8
8192,5,88,20.267490999998472,8,0,8
8192,5,89,20.274805000013885,8,0,8
8192,5,90,20.33797999999365,8,0,8
8192,5,91,20.1551380000069,8,0,8
8192,5,92,20.21639599999503,8,0,8
8192,5,93,20.237375000021984,8,0,8
8192,5,94,20.252127000020437,8,0,8
8192,5,95,20.223112999985915,8,0,8
8192,5,96,20.492862999986983,8,0,8
8192,5,97,20.255492999979197,8,0,8
8192,5,98,20.176861999999574,8,0,8
8192,5,99,20.283500000005006,8,0,0
